CREATE DATABASE  IF NOT EXISTS `mtw_project` /*!40100 DEFAULT CHARACTER SET utf8mb4 COLLATE utf8mb4_0900_ai_ci */ /*!80016 DEFAULT ENCRYPTION='N' */;
USE `mtw_project`;
-- MySQL dump 10.13  Distrib 8.0.36, for Win64 (x86_64)
--
-- Host: 127.0.0.1    Database: mtw_project
-- ------------------------------------------------------
-- Server version	8.0.36

/*!40101 SET @OLD_CHARACTER_SET_CLIENT=@@CHARACTER_SET_CLIENT */;
/*!40101 SET @OLD_CHARACTER_SET_RESULTS=@@CHARACTER_SET_RESULTS */;
/*!40101 SET @OLD_COLLATION_CONNECTION=@@COLLATION_CONNECTION */;
/*!50503 SET NAMES utf8 */;
/*!40103 SET @OLD_TIME_ZONE=@@TIME_ZONE */;
/*!40103 SET TIME_ZONE='+00:00' */;
/*!40014 SET @OLD_UNIQUE_CHECKS=@@UNIQUE_CHECKS, UNIQUE_CHECKS=0 */;
/*!40014 SET @OLD_FOREIGN_KEY_CHECKS=@@FOREIGN_KEY_CHECKS, FOREIGN_KEY_CHECKS=0 */;
/*!40101 SET @OLD_SQL_MODE=@@SQL_MODE, SQL_MODE='NO_AUTO_VALUE_ON_ZERO' */;
/*!40111 SET @OLD_SQL_NOTES=@@SQL_NOTES, SQL_NOTES=0 */;

--
-- Table structure for table `accounting`
--

DROP TABLE IF EXISTS `accounting`;
/*!40101 SET @saved_cs_client     = @@character_set_client */;
/*!50503 SET character_set_client = utf8mb4 */;
CREATE TABLE `accounting` (
  `idAccounting` int NOT NULL AUTO_INCREMENT,
  `idBooking` int DEFAULT NULL,
  `date` date DEFAULT NULL,
  `time` time DEFAULT NULL,
  `status` varchar(100) DEFAULT NULL,
  `notes` varchar(255) DEFAULT NULL,
  PRIMARY KEY (`idAccounting`),
  KEY `fk_accouting_booking` (`idBooking`),
  CONSTRAINT `fk_accouting_booking` FOREIGN KEY (`idBooking`) REFERENCES `booking` (`idBooking`)
) ENGINE=InnoDB AUTO_INCREMENT=11 DEFAULT CHARSET=utf8mb4 COLLATE=utf8mb4_0900_ai_ci;
/*!40101 SET character_set_client = @saved_cs_client */;

--
-- Dumping data for table `accounting`
--

LOCK TABLES `accounting` WRITE;
/*!40000 ALTER TABLE `accounting` DISABLE KEYS */;
INSERT INTO `accounting` VALUES (1,1,'2023-07-01','12:00:00','Pagado','Nota contabilidad 1'),(2,2,'2023-07-02','13:00:00','Pendiente','Nota contabilidad 2'),(3,3,'2023-07-03','14:00:00','Pagado','Nota contabilidad 3'),(4,4,'2023-07-04','15:00:00','Pendiente','Nota contabilidad 4'),(5,5,'2023-07-05','16:00:00','Pagado','Nota contabilidad 5'),(6,6,'2023-07-06','17:00:00','Pendiente','Nota contabilidad 6'),(7,7,'2023-07-07','18:00:00','Pagado','Nota contabilidad 7'),(8,8,'2023-07-08','19:00:00','Pendiente','Nota contabilidad 8'),(9,9,'2023-07-09','20:00:00','Pagado','Nota contabilidad 9'),(10,10,'2023-07-10','21:00:00','Pendiente','Nota contabilidad 10');
/*!40000 ALTER TABLE `accounting` ENABLE KEYS */;
UNLOCK TABLES;

--
-- Table structure for table `area`
--

DROP TABLE IF EXISTS `area`;
/*!40101 SET @saved_cs_client     = @@character_set_client */;
/*!50503 SET character_set_client = utf8mb4 */;
CREATE TABLE `area` (
  `idArea` int NOT NULL AUTO_INCREMENT,
  `name` varchar(100) DEFAULT NULL,
  PRIMARY KEY (`idArea`)
) ENGINE=InnoDB AUTO_INCREMENT=11 DEFAULT CHARSET=utf8mb4 COLLATE=utf8mb4_0900_ai_ci;
/*!40101 SET character_set_client = @saved_cs_client */;

--
-- Dumping data for table `area`
--

LOCK TABLES `area` WRITE;
/*!40000 ALTER TABLE `area` DISABLE KEYS */;
INSERT INTO `area` VALUES (1,'Area 1'),(2,'Area 2'),(3,'Area 3'),(4,'Area 4'),(5,'Area 5'),(6,'Area 6'),(7,'Area 7'),(8,'Area 8'),(9,'Area 9'),(10,'Area 10');
/*!40000 ALTER TABLE `area` ENABLE KEYS */;
UNLOCK TABLES;

--
-- Table structure for table `bill`
--

DROP TABLE IF EXISTS `bill`;
/*!40101 SET @saved_cs_client     = @@character_set_client */;
/*!50503 SET character_set_client = utf8mb4 */;
CREATE TABLE `bill` (
  `idBill` int NOT NULL AUTO_INCREMENT,
  `series` varchar(100) DEFAULT NULL,
  `number` varchar(100) DEFAULT NULL,
  `date` date DEFAULT NULL,
  `subTotal` decimal(10,2) DEFAULT NULL,
  `igv` decimal(10,2) DEFAULT NULL,
  `total` decimal(10,2) DEFAULT NULL,
  `idCurrency` int DEFAULT NULL,
  `status` varchar(100) DEFAULT NULL,
  PRIMARY KEY (`idBill`),
  KEY `fk_bill_currency` (`idCurrency`),
  CONSTRAINT `fk_bill_currency` FOREIGN KEY (`idCurrency`) REFERENCES `currency` (`idCurrency`)
) ENGINE=InnoDB AUTO_INCREMENT=20 DEFAULT CHARSET=utf8mb4 COLLATE=utf8mb4_0900_ai_ci;
/*!40101 SET character_set_client = @saved_cs_client */;

--
-- Dumping data for table `bill`
--

LOCK TABLES `bill` WRITE;
/*!40000 ALTER TABLE `bill` DISABLE KEYS */;
INSERT INTO `bill` VALUES (1,'Series 1','Number 1','2023-07-02',100.50,18.09,118.59,1,NULL),(2,'Series 2','Number 2','2023-07-02',200.75,36.14,236.89,1,NULL),(3,'Series 3','Number 3','2023-07-02',300.00,54.00,354.00,2,NULL),(4,'Series 4','Number 4','2023-07-02',400.25,72.05,472.30,1,NULL),(5,'Series 5','Number 5','2023-07-02',500.50,90.10,590.60,1,NULL),(6,'Series 6','Number 6','2023-07-02',600.75,108.15,709.90,1,NULL),(7,'Series 7','Number 7','2023-07-02',700.00,126.20,829.20,1,NULL),(8,'Series 8','Number 8','2023-07-02',800.25,144.25,948.50,2,NULL),(9,'Series 9','Number 9','2023-07-02',900.50,162.30,1067.80,3,NULL),(10,'Series 10','Number 10','2023-07-02',1000.75,180.35,1181.10,1,NULL),(11,'Series 22','Number 22','2023-07-02',100.50,18.09,118.59,1,NULL),(12,'Series 22','Number 22','2023-07-02',100.50,18.09,118.59,1,NULL),(13,'Series 22','Number 22','2023-07-02',100.50,18.09,118.59,1,NULL),(14,'Series 22','Number 22','2023-07-02',100.50,18.09,118.59,1,NULL),(15,'Series 22','Number 22','2023-07-02',100.50,18.09,118.59,1,NULL),(16,'Series 22','Number 22','2023-07-02',100.50,18.09,118.59,1,NULL),(17,'Series 22','Number 22','2023-07-02',100.50,18.09,118.59,1,NULL),(18,'Series 22','Number 22','2023-07-02',100.50,18.09,118.59,1,'Activo'),(19,'Series 23','Number 23','2023-07-02',100.50,18.09,118.59,1,'Activo');
/*!40000 ALTER TABLE `bill` ENABLE KEYS */;
UNLOCK TABLES;

--
-- Table structure for table `booking`
--

DROP TABLE IF EXISTS `booking`;
/*!40101 SET @saved_cs_client     = @@character_set_client */;
/*!50503 SET character_set_client = utf8mb4 */;
CREATE TABLE `booking` (
  `idBooking` int NOT NULL AUTO_INCREMENT,
  `date` date DEFAULT NULL,
  `time` time DEFAULT NULL,
  `idCompany` int DEFAULT NULL,
  `applicant` varchar(255) DEFAULT NULL,
  `idArea` int DEFAULT NULL,
  `idPassenger` int DEFAULT NULL,
  `pickUp` varchar(100) DEFAULT NULL,
  `idUbigeoPickUp` int DEFAULT NULL,
  `destination` varchar(100) DEFAULT NULL,
  `idUbigeoDestination` int DEFAULT NULL,
  `notes` varchar(255) DEFAULT NULL,
  `idCurrency` int DEFAULT NULL,
  `price` decimal(10,2) DEFAULT NULL,
  `idDriver` int DEFAULT NULL,
  `status` varchar(100) DEFAULT NULL,
  `driverPaymentStatus` int DEFAULT NULL,
  `clientPaymentStatus` int DEFAULT NULL,
  `idBill` int DEFAULT NULL,
  PRIMARY KEY (`idBooking`),
  KEY `fk_booking_company` (`idCompany`),
  KEY `fk_booking_area` (`idArea`),
  KEY `fk_booking_passenger` (`idPassenger`),
  KEY `fk_booking_driver` (`idDriver`),
  KEY `fk_booking_bill` (`idBill`),
  KEY `fk_booking_currency_idx` (`idCurrency`),
  KEY `fk_booking_ubigeo_destination_idx` (`idUbigeoDestination`),
  KEY `fk_booking_ubigeo_pickup_idx` (`idUbigeoPickUp`),
  CONSTRAINT `fk_booking_area` FOREIGN KEY (`idArea`) REFERENCES `area` (`idArea`),
  CONSTRAINT `fk_booking_bill` FOREIGN KEY (`idBill`) REFERENCES `bill` (`idBill`),
  CONSTRAINT `fk_booking_company` FOREIGN KEY (`idCompany`) REFERENCES `company` (`idCompany`),
  CONSTRAINT `fk_booking_currency` FOREIGN KEY (`idCurrency`) REFERENCES `currency` (`idCurrency`),
  CONSTRAINT `fk_booking_driver` FOREIGN KEY (`idDriver`) REFERENCES `driver` (`idDriver`),
  CONSTRAINT `fk_booking_passenger` FOREIGN KEY (`idPassenger`) REFERENCES `passenger` (`idPassenger`),
  CONSTRAINT `fk_booking_ubigeo_destination` FOREIGN KEY (`idUbigeoDestination`) REFERENCES `ubigeo` (`idUbigeo`),
  CONSTRAINT `fk_booking_ubigeo_pickup` FOREIGN KEY (`idUbigeoPickUp`) REFERENCES `ubigeo` (`idUbigeo`)
) ENGINE=InnoDB AUTO_INCREMENT=39 DEFAULT CHARSET=utf8mb4 COLLATE=utf8mb4_0900_ai_ci;
/*!40101 SET character_set_client = @saved_cs_client */;

--
-- Dumping data for table `booking`
--

LOCK TABLES `booking` WRITE;
/*!40000 ALTER TABLE `booking` DISABLE KEYS */;
INSERT INTO `booking` VALUES (1,'2023-07-01','12:00:00',1,NULL,1,1,'Origen 1',1,'Destino 1',2,'Nota 1',1,50.25,1,'Pendiente',1,1,18),(2,'2023-07-02','13:00:00',2,NULL,2,2,'Origen 2',2,'Destino 2',3,'Nota 2',1,60.50,2,'Pendiente',NULL,1,18),(3,'2023-07-03','14:00:00',3,NULL,3,3,'Origen 3',3,'Destino 3',4,'Nota 3',2,70.75,3,'Pendiente',NULL,NULL,19),(4,'2023-07-04','15:00:00',4,NULL,4,4,'Origen 4',4,'Destino 4',5,'Nota 4',1,80.00,4,'Pendiente',NULL,NULL,19),(5,'2023-07-05','16:00:00',5,NULL,5,5,'Origen 5',5,'Destino 5',6,'Nota 5',2,90.25,5,'Pendiente',NULL,NULL,19),(6,'2023-07-06','17:00:00',6,NULL,6,6,'Origen 6',6,'Destino 6',7,'Nota 6',1,100.50,6,'Pendiente',NULL,NULL,6),(7,'2023-07-07','18:00:00',7,NULL,7,7,'Origen 7',7,'Destino 7',8,'Nota 7',1,110.75,7,'Pendiente',NULL,NULL,7),(8,'2023-07-08','19:00:00',8,NULL,8,8,'Origen 8',8,'Destino 8',9,'Nota 8',1,121.00,8,'Pendiente',NULL,NULL,8),(9,'2023-07-09','20:00:00',9,NULL,9,9,'Origen 9',9,'Destino 9',10,'Nota 9',1,131.25,9,'Pendiente',NULL,NULL,9),(10,'2023-07-10','21:00:00',10,NULL,10,10,'Origen 10',10,'Destino 10',1,'Nota 10',1,141.50,10,'Pendiente',NULL,NULL,16),(12,'2023-12-21','12:00:00',1,NULL,1,1,'Origen 1',1,'Destino 1',2,'Nota ',1,50.25,10,'Finalizado',NULL,1,16);
/*!40000 ALTER TABLE `booking` ENABLE KEYS */;
UNLOCK TABLES;

--
-- Table structure for table `company`
--

DROP TABLE IF EXISTS `company`;
/*!40101 SET @saved_cs_client     = @@character_set_client */;
/*!50503 SET character_set_client = utf8mb4 */;
CREATE TABLE `company` (
  `idCompany` int NOT NULL AUTO_INCREMENT,
  `businessName` varchar(100) DEFAULT NULL,
  `idNumber` varchar(100) DEFAULT NULL,
  `address` varchar(100) DEFAULT NULL,
  `tradeName` varchar(100) DEFAULT NULL,
  `phone` varchar(100) DEFAULT NULL,
  PRIMARY KEY (`idCompany`)
) ENGINE=InnoDB AUTO_INCREMENT=32 DEFAULT CHARSET=utf8mb4 COLLATE=utf8mb4_0900_ai_ci;
/*!40101 SET character_set_client = @saved_cs_client */;

--
-- Dumping data for table `company`
--

LOCK TABLES `company` WRITE;
/*!40000 ALTER TABLE `company` DISABLE KEYS */;
INSERT INTO `company` VALUES (1,'Jorge','12345678901','Direccion 1','Tradename 1','123456789'),(2,'Josue','23456789012','Direccion 2','Tradename 2','234567890'),(3,'Joseline','34567890123','Direccion 3','Tradename 3','345678901'),(4,'Maria','45678901234','Direccion 4','Tradename 4','456789012'),(5,'Martin','56789012345','Direccion 5','Tradename 5','567890123'),(6,'Hugo','67890123456','Direccion 6','Tradename 6','678901234'),(7,'Humberto','78901234567','Direccion 7','Tradename 7','789012345'),(8,'Gabriel','89012345678','Direccion 8','Tradename 8','890123456'),(9,'Gaston','90123456789','Direccion 9','Tradename 9','901234567'),(10,'Sergio','01234567890','Direccion 10','Tradename 10','012345678'),(11,'Serena','123456789011','Direccion11','Tradename11','123456789'),(12,'Peter','20232012312312','Direccion 12',NULL,NULL),(13,'Pedro','20202020202022',NULL,NULL,NULL),(14,'Liz','20208989898','Direccion Liz',NULL,NULL),(15,'Liz','20208989898','Direccion Liz',NULL,NULL),(16,'Liz','20208989898','Direccion Liz',NULL,NULL),(17,'Javier','2123123123','Direccion Liz',NULL,NULL),(18,'Rocio','22131231233','Direccion Rocio',NULL,NULL),(19,'Marcos','20003456782','Direccion Rocio',NULL,NULL),(20,'Brandom','12345678902','Direccion Brandom',NULL,NULL),(21,'Ramon','12345678903','Direccion Ramon',NULL,NULL),(23,'ALIANZA FRANCESA DE LIMA','20110401796','AV. AREQUIPA NRO. 4595 URB. SURQUILLO LIMA LIMA MIRAFLORES','',''),(24,'EMBAJADA DE FRANCIA','20307069432','AV. AREQUIPA NRO. 3415 LIMA LIMA SAN ISIDRO','',''),(29,'GREENANDES LOGISTICS S.A.C.','20389592715','CAL. AMADOR MERINO REYNA NRO. 295 INT. 502 URB. SAN ISIDRO LIMA LIMA SAN ISIDRO','',''),(30,'MINISTERIO DE RELACIONES EXTERIORES','20131380101','JR. LAMPA NRO. 545 LIMA LIMA LIMA','',''),(31,NULL,NULL,NULL,NULL,NULL);
/*!40000 ALTER TABLE `company` ENABLE KEYS */;
UNLOCK TABLES;

--
-- Table structure for table `currency`
--

DROP TABLE IF EXISTS `currency`;
/*!40101 SET @saved_cs_client     = @@character_set_client */;
/*!50503 SET character_set_client = utf8mb4 */;
CREATE TABLE `currency` (
  `idCurrency` int NOT NULL AUTO_INCREMENT,
  `name` varchar(100) DEFAULT NULL,
  `symbol` varchar(45) DEFAULT NULL,
  PRIMARY KEY (`idCurrency`)
) ENGINE=InnoDB AUTO_INCREMENT=11 DEFAULT CHARSET=utf8mb4 COLLATE=utf8mb4_0900_ai_ci;
/*!40101 SET character_set_client = @saved_cs_client */;

--
-- Dumping data for table `currency`
--

LOCK TABLES `currency` WRITE;
/*!40000 ALTER TABLE `currency` DISABLE KEYS */;
INSERT INTO `currency` VALUES (1,'Soles','S/'),(2,'Dolares Americanos','$'),(3,'Euros','€');
/*!40000 ALTER TABLE `currency` ENABLE KEYS */;
UNLOCK TABLES;

--
-- Table structure for table `driver`
--

DROP TABLE IF EXISTS `driver`;
/*!40101 SET @saved_cs_client     = @@character_set_client */;
/*!50503 SET character_set_client = utf8mb4 */;
CREATE TABLE `driver` (
  `idDriver` int NOT NULL AUTO_INCREMENT,
  `names` varchar(100) DEFAULT NULL,
  `lastNames` varchar(100) DEFAULT NULL,
  `idNumber` varchar(100) DEFAULT NULL,
  `phone` varchar(100) DEFAULT NULL,
  `brand` varchar(100) DEFAULT NULL,
  `model` varchar(100) DEFAULT NULL,
  `carPlate` varchar(100) DEFAULT NULL,
  `year` int DEFAULT NULL,
  `color` varchar(100) DEFAULT NULL,
  `status` varchar(100) DEFAULT NULL,
  PRIMARY KEY (`idDriver`)
) ENGINE=InnoDB AUTO_INCREMENT=12 DEFAULT CHARSET=utf8mb4 COLLATE=utf8mb4_0900_ai_ci;
/*!40101 SET character_set_client = @saved_cs_client */;

--
-- Dumping data for table `driver`
--

LOCK TABLES `driver` WRITE;
/*!40000 ALTER TABLE `driver` DISABLE KEYS */;
INSERT INTO `driver` VALUES (1,'Nombre Conductor 1','Apellido Conductor 1','12345678','123456789','Marca 1','Modelo 1','Plate 1',2020,'Color 1',NULL),(2,'NOMBRE CONDUCTOR 2','APELLIDO CONDUCTOR 2','23456789','234567890','MARCA 2','MODELO 2','PLATE 2',2021,'COLOR 2',NULL),(3,'Nombre Conductor 3','Apellido Conductor 3','34567890','345678901','Marca 3','Modelo 3','Plate 3',2022,'Color 3',NULL),(4,'Nombre Conductor 4','Apellido Conductor 4','45678901','456789012','Marca 4','Modelo 4','Plate 4',2023,'Color 4',NULL),(5,'Nombre Conductor 5','Apellido Conductor 5','56789012','567890123','Marca 5','Modelo 5','Plate 5',2024,'Color 5',NULL),(6,'Nombre Conductor 6','Apellido Conductor 6','67890123','678901234','Marca 6','Modelo 6','Plate 6',2025,'Color 6',NULL),(7,'Nombre Conductor 7','Apellido Conductor 7','78901234','789012345','Marca 7','Modelo 7','Plate 7',2026,'Color 7',NULL),(8,'Nombre Conductor 8','Apellido Conductor 8','89012345','890123456','Marca 8','Modelo 8','Plate 8',2027,'Color 8',NULL),(9,'Nombre Conductor 9','Apellido Conductor 9','90123456','901234567','Marca 9','Modelo 9','Plate 9',2028,'Color 9',NULL),(10,'Nombre Conductor 10','Apellido Conductor 10','01234567','012345678','Marca 10','Modelo 10','Plate 10',2029,'Color 10',NULL),(11,'HUGO DONIE','SALAS LUPERDI','75486421','993523742','HYUNDAI','ELANTRA','C5L619',2007,'NEGRO',NULL);
/*!40000 ALTER TABLE `driver` ENABLE KEYS */;
UNLOCK TABLES;

--
-- Table structure for table `employee`
--

DROP TABLE IF EXISTS `employee`;
/*!40101 SET @saved_cs_client     = @@character_set_client */;
/*!50503 SET character_set_client = utf8mb4 */;
CREATE TABLE `employee` (
  `idEmployee` int NOT NULL AUTO_INCREMENT,
  `names` varchar(255) DEFAULT NULL,
  `lastnames` varchar(255) DEFAULT NULL,
  `idNumber` varchar(45) DEFAULT NULL,
  `mail` varchar(255) DEFAULT NULL,
  `phone` varchar(45) DEFAULT NULL,
  `adress` varchar(255) DEFAULT NULL,
  `idUser` int DEFAULT NULL,
  PRIMARY KEY (`idEmployee`),
  KEY `fk_employee_user_idx` (`idUser`),
  CONSTRAINT `fk_employee_user` FOREIGN KEY (`idUser`) REFERENCES `user` (`idUser`)
) ENGINE=InnoDB DEFAULT CHARSET=utf8mb4 COLLATE=utf8mb4_0900_ai_ci;
/*!40101 SET character_set_client = @saved_cs_client */;

--
-- Dumping data for table `employee`
--

LOCK TABLES `employee` WRITE;
/*!40000 ALTER TABLE `employee` DISABLE KEYS */;
/*!40000 ALTER TABLE `employee` ENABLE KEYS */;
UNLOCK TABLES;

--
-- Table structure for table `navmenu`
--

DROP TABLE IF EXISTS `navmenu`;
/*!40101 SET @saved_cs_client     = @@character_set_client */;
/*!50503 SET character_set_client = utf8mb4 */;
CREATE TABLE `navmenu` (
  `idNavMenu` int NOT NULL AUTO_INCREMENT,
  `description` varchar(100) DEFAULT NULL,
  PRIMARY KEY (`idNavMenu`)
) ENGINE=InnoDB DEFAULT CHARSET=utf8mb4 COLLATE=utf8mb4_0900_ai_ci;
/*!40101 SET character_set_client = @saved_cs_client */;

--
-- Dumping data for table `navmenu`
--

LOCK TABLES `navmenu` WRITE;
/*!40000 ALTER TABLE `navmenu` DISABLE KEYS */;
/*!40000 ALTER TABLE `navmenu` ENABLE KEYS */;
UNLOCK TABLES;

--
-- Table structure for table `passenger`
--

DROP TABLE IF EXISTS `passenger`;
/*!40101 SET @saved_cs_client     = @@character_set_client */;
/*!50503 SET character_set_client = utf8mb4 */;
CREATE TABLE `passenger` (
  `idPassenger` int NOT NULL AUTO_INCREMENT,
  `names` varchar(100) DEFAULT NULL,
  `lastNames` varchar(100) DEFAULT NULL,
  `idUbigeo` int DEFAULT NULL,
  `adress` varchar(255) DEFAULT NULL,
  `phone` varchar(100) DEFAULT NULL,
  `status` varchar(45) DEFAULT NULL,
  PRIMARY KEY (`idPassenger`),
  KEY `fk_passenger_ubigeo_idx` (`idUbigeo`),
  CONSTRAINT `fk_passenger_ubigeo` FOREIGN KEY (`idUbigeo`) REFERENCES `ubigeo` (`idUbigeo`)
) ENGINE=InnoDB AUTO_INCREMENT=11 DEFAULT CHARSET=utf8mb4 COLLATE=utf8mb4_0900_ai_ci;
/*!40101 SET character_set_client = @saved_cs_client */;

--
-- Dumping data for table `passenger`
--

LOCK TABLES `passenger` WRITE;
/*!40000 ALTER TABLE `passenger` DISABLE KEYS */;
INSERT INTO `passenger` VALUES (1,'Nombre 1','Apellido 1',1,'Direccion 1','123456789',NULL),(2,'Nombre 2','Apellido 2',2,'Direccion 2','234567890',NULL),(3,'Nombre 3','Apellido 3',3,'Direccion 3','345678901',NULL),(4,'Nombre 4','Apellido 4',4,'Direccion 4','456789012',NULL),(5,'Nombre 5','Apellido 5',5,'Direccion 5','567890123',NULL),(6,'Nombre 6','Apellido 6',6,'Direccion 6','678901234',NULL),(7,'Nombre 7','Apellido 7',7,'Direccion 7','789012345',NULL),(8,'Nombre 8','Apellido 8',8,'Direccion 8','890123456',NULL),(9,'Nombre 9','Apellido 9',9,'Direccion 9','901234567',NULL),(10,'Nombre 10','Apellido 10',10,'Direccion 10','012345678',NULL);
/*!40000 ALTER TABLE `passenger` ENABLE KEYS */;
UNLOCK TABLES;

--
-- Table structure for table `passengercompany`
--

DROP TABLE IF EXISTS `passengercompany`;
/*!40101 SET @saved_cs_client     = @@character_set_client */;
/*!50503 SET character_set_client = utf8mb4 */;
CREATE TABLE `passengercompany` (
  `idPassengerCompany` int NOT NULL AUTO_INCREMENT,
  `idPassenger` int DEFAULT NULL,
  `idCompany` int DEFAULT NULL,
  PRIMARY KEY (`idPassengerCompany`),
  KEY `fk_passengercompany_passenger` (`idPassenger`),
  KEY `fk_passengercompany_company` (`idCompany`),
  CONSTRAINT `fk_passengercompany_company` FOREIGN KEY (`idCompany`) REFERENCES `company` (`idCompany`),
  CONSTRAINT `fk_passengercompany_passenger` FOREIGN KEY (`idPassenger`) REFERENCES `passenger` (`idPassenger`)
) ENGINE=InnoDB AUTO_INCREMENT=11 DEFAULT CHARSET=utf8mb4 COLLATE=utf8mb4_0900_ai_ci;
/*!40101 SET character_set_client = @saved_cs_client */;

--
-- Dumping data for table `passengercompany`
--

LOCK TABLES `passengercompany` WRITE;
/*!40000 ALTER TABLE `passengercompany` DISABLE KEYS */;
INSERT INTO `passengercompany` VALUES (1,1,1),(2,2,2),(3,3,3),(4,4,4),(5,5,5),(6,6,6),(7,7,7),(8,8,8),(9,9,9),(10,10,10);
/*!40000 ALTER TABLE `passengercompany` ENABLE KEYS */;
UNLOCK TABLES;

--
-- Table structure for table `ubigeo`
--

DROP TABLE IF EXISTS `ubigeo`;
/*!40101 SET @saved_cs_client     = @@character_set_client */;
/*!50503 SET character_set_client = utf8mb4 */;
CREATE TABLE `ubigeo` (
  `idUbigeo` int NOT NULL AUTO_INCREMENT,
  `department` varchar(255) DEFAULT NULL,
  `province` varchar(255) DEFAULT NULL,
  `district` varchar(255) DEFAULT NULL,
  `name` varchar(255) DEFAULT NULL,
  `ubigeo` varchar(45) DEFAULT NULL,
  PRIMARY KEY (`idUbigeo`)
) ENGINE=InnoDB AUTO_INCREMENT=2077 DEFAULT CHARSET=utf8mb4 COLLATE=utf8mb4_0900_ai_ci;
/*!40101 SET character_set_client = @saved_cs_client */;

--
-- Dumping data for table `ubigeo`
--

LOCK TABLES `ubigeo` WRITE;
/*!40000 ALTER TABLE `ubigeo` DISABLE KEYS */;
INSERT INTO `ubigeo` VALUES (1,'01','00','00','Amazonas','010000'),(2,'01','01','00','Chachapoyas','010100'),(3,'01','01','01','Chachapoyas','010101'),(4,'01','01','02','Asuncion','010102'),(5,'01','01','03','Balsas','010103'),(6,'01','01','04','Cheto','010104'),(7,'01','01','05','Chiliquin','010105'),(8,'01','01','06','Chuquibamba','010106'),(9,'01','01','07','Granada','010107'),(10,'01','01','08','Huancas','010108'),(11,'01','01','09','La Jalca','010109'),(12,'01','01','10','Leimebamba','010110'),(13,'01','01','11','Levanto','010111'),(14,'01','01','12','Magdalena','010112'),(15,'01','01','13','Mariscal Castilla','010113'),(16,'01','01','14','Molinopampa','010114'),(17,'01','01','15','Montevideo','010115'),(18,'01','01','16','Olleros','010116'),(19,'01','01','17','Quinjalca','010117'),(20,'01','01','18','San Francisco de Daguas','010118'),(21,'01','01','19','San Isidro de Maino','010119'),(22,'01','01','20','Soloco','010120'),(23,'01','01','21','Sonche','010121'),(24,'01','02','00','Bagua','010200'),(25,'01','02','01','Bagua','010201'),(26,'01','02','02','Aramango','010202'),(27,'01','02','03','Copallin','010203'),(28,'01','02','04','El Parco','010204'),(29,'01','02','05','Imaza','010205'),(30,'01','02','06','La Peca','010206'),(31,'01','03','00','Bongara','010300'),(32,'01','03','01','Jumbilla','010301'),(33,'01','03','02','Chisquilla','010302'),(34,'01','03','03','Churuja','010303'),(35,'01','03','04','Corosha','010304'),(36,'01','03','05','Cuispes','010305'),(37,'01','03','06','Florida','010306'),(38,'01','03','07','Jazán','010307'),(39,'01','03','08','Recta','010308'),(40,'01','03','09','San Carlos','010309'),(41,'01','03','10','Shipasbamba','010310'),(42,'01','03','11','Valera','010311'),(43,'01','03','12','Yambrasbamba','010312'),(44,'01','04','00','Condorcanqui','010400'),(45,'01','04','01','Nieva','010401'),(46,'01','04','02','El Cenepa','010402'),(47,'01','04','03','Rio Santiago','010403'),(48,'01','05','00','Luya','010500'),(49,'01','05','01','Lamud','010501'),(50,'01','05','02','Camporredondo','010502'),(51,'01','05','03','Cocabamba','010503'),(52,'01','05','04','Colcamar','010504'),(53,'01','05','05','Conila','010505'),(54,'01','05','06','Inguilpata','010506'),(55,'01','05','07','Longuita','010507'),(56,'01','05','08','Lonya Chico','010508'),(57,'01','05','09','Luya','010509'),(58,'01','05','10','Luya Viejo','010510'),(59,'01','05','11','Maria','010511'),(60,'01','05','12','Ocalli','010512'),(61,'01','05','13','Ocumal','010513'),(62,'01','05','14','Pisuquia','010514'),(63,'01','05','15','Providencia','010515'),(64,'01','05','16','San Cristobal','010516'),(65,'01','05','17','San Francisco del Yeso','010517'),(66,'01','05','18','San Jeronimo','010518'),(67,'01','05','19','San Juan de Lopecancha','010519'),(68,'01','05','20','Santa Catalina','010520'),(69,'01','05','21','Santo Tomas','010521'),(70,'01','05','22','Tingo','010522'),(71,'01','05','23','Trita','010523'),(72,'01','06','00','Rodriguez de Mendoza','010600'),(73,'01','06','01','San Nicolas','010601'),(74,'01','06','02','Chirimoto','010602'),(75,'01','06','03','Cochamal','010603'),(76,'01','06','04','Huambo','010604'),(77,'01','06','05','Limabamba','010605'),(78,'01','06','06','Longar','010606'),(79,'01','06','07','Mariscal Benavides','010607'),(80,'01','06','08','Milpuc','010608'),(81,'01','06','09','Omia','010609'),(82,'01','06','10','Santa Rosa','010610'),(83,'01','06','11','Totora','010611'),(84,'01','06','12','Vista Alegre','010612'),(85,'01','07','00','Utcubamba','010700'),(86,'01','07','01','Bagua Grande','010701'),(87,'01','07','02','Cajaruro','010702'),(88,'01','07','03','Cumba','010703'),(89,'01','07','04','El Milagro','010704'),(90,'01','07','05','Jamalca','010705'),(91,'01','07','06','Lonya Grande','010706'),(92,'01','07','07','Yamon','010707'),(93,'02','00','00','Ancash','020000'),(94,'02','01','00','Huaraz','020100'),(95,'02','01','01','Huaraz','020101'),(96,'02','01','02','Cochabamba','020102'),(97,'02','01','03','Colcabamba','020103'),(98,'02','01','04','Huanchay','020104'),(99,'02','01','05','Independencia','020105'),(100,'02','01','06','Jangas','020106'),(101,'02','01','07','La Libertad','020107'),(102,'02','01','08','Olleros','020108'),(103,'02','01','09','Pampas','020109'),(104,'02','01','10','Pariacoto','020110'),(105,'02','01','11','Pira','020111'),(106,'02','01','12','Tarica','020112'),(107,'02','02','00','Aija','020200'),(108,'02','02','01','Aija','020201'),(109,'02','02','02','Coris','020202'),(110,'02','02','03','Huacllan','020203'),(111,'02','02','04','La Merced','020204'),(112,'02','02','05','Succha','020205'),(113,'02','03','00','Antonio Raymondi','020300'),(114,'02','03','01','Llamellin','020301'),(115,'02','03','02','Aczo','020302'),(116,'02','03','03','Chaccho','020303'),(117,'02','03','04','Chingas','020304'),(118,'02','03','05','Mirgas','020305'),(119,'02','03','06','San Juan de Rontoy','020306'),(120,'02','04','00','Asuncion','020400'),(121,'02','04','01','Chacas','020401'),(122,'02','04','02','Acochaca','020402'),(123,'02','05','00','Bolognesi','020500'),(124,'02','05','01','Chiquian','020501'),(125,'02','05','02','Abelardo Pardo Lezameta','020502'),(126,'02','05','03','Antonio Raymondi','020503'),(127,'02','05','04','Aquia','020504'),(128,'02','05','05','Cajacay','020505'),(129,'02','05','06','Canis','020506'),(130,'02','05','07','Colquioc','020507'),(131,'02','05','08','Huallanca','020508'),(132,'02','05','09','Huasta','020509'),(133,'02','05','10','Huayllacayan','020510'),(134,'02','05','11','La Primavera','020511'),(135,'02','05','12','Mangas','020512'),(136,'02','05','13','Pacllon','020513'),(137,'02','05','14','San Miguel de Corpanqui','020514'),(138,'02','05','15','Ticllos','020515'),(139,'02','06','00','Carhuaz','020600'),(140,'02','06','01','Carhuaz','020601'),(141,'02','06','02','Acopampa','020602'),(142,'02','06','03','Amashca','020603'),(143,'02','06','04','Anta','020604'),(144,'02','06','05','Ataquero','020605'),(145,'02','06','06','Marcara','020606'),(146,'02','06','07','Pariahuanca','020607'),(147,'02','06','08','San Miguel de Aco','020608'),(148,'02','06','09','Shilla','020609'),(149,'02','06','10','Tinco','020610'),(150,'02','06','11','Yungar','020611'),(151,'02','07','00','Carlos Fermin Fitzcarrald','020700'),(152,'02','07','01','San Luis','020701'),(153,'02','07','02','San Nicolas','020702'),(154,'02','07','03','Yauya','020703'),(155,'02','08','00','Casma','020800'),(156,'02','08','01','Casma','020801'),(157,'02','08','02','Buena Vista Alta','020802'),(158,'02','08','03','Comandante Noel','020803'),(159,'02','08','04','Yautan','020804'),(160,'02','09','00','Corongo','020900'),(161,'02','09','01','Corongo','020901'),(162,'02','09','02','Aco','020902'),(163,'02','09','03','Bambas','020903'),(164,'02','09','04','Cusca','020904'),(165,'02','09','05','La Pampa','020905'),(166,'02','09','06','Yanac','020906'),(167,'02','09','07','Yupan','020907'),(168,'02','10','00','Huari','021000'),(169,'02','10','01','Huari','021001'),(170,'02','10','02','Anra','021002'),(171,'02','10','03','Cajay','021003'),(172,'02','10','04','Chavin de Huantar','021004'),(173,'02','10','05','Huacachi','021005'),(174,'02','10','06','Huacchis','021006'),(175,'02','10','07','Huachis','021007'),(176,'02','10','08','Huantar','021008'),(177,'02','10','09','Masin','021009'),(178,'02','10','10','Paucas','021010'),(179,'02','10','11','Ponto','021011'),(180,'02','10','12','Rahuapampa','021012'),(181,'02','10','13','Rapayan','021013'),(182,'02','10','14','San Marcos','021014'),(183,'02','10','15','San Pedro de Chana','021015'),(184,'02','10','16','Uco','021016'),(185,'02','11','00','Huarmey','021100'),(186,'02','11','01','Huarmey','021101'),(187,'02','11','02','Cochapeti','021102'),(188,'02','11','03','Culebras','021103'),(189,'02','11','04','Huayan','021104'),(190,'02','11','05','Malvas','021105'),(191,'02','12','00','Huaylas','021200'),(192,'02','12','01','Caraz','021201'),(193,'02','12','02','Huallanca','021202'),(194,'02','12','03','Huata','021203'),(195,'02','12','04','Huaylas','021204'),(196,'02','12','05','Mato','021205'),(197,'02','12','06','Pamparomas','021206'),(198,'02','12','07','Pueblo Libre','021207'),(199,'02','12','08','Santa Cruz','021208'),(200,'02','12','09','Santo Toribio','021209'),(201,'02','12','10','Yuracmarca','021210'),(202,'02','13','00','Mariscal Luzuriaga','021300'),(203,'02','13','01','Piscobamba','021301'),(204,'02','13','02','Casca','021302'),(205,'02','13','03','Eleazar Guzman Barron','021303'),(206,'02','13','04','Fidel Olivas Escudero','021304'),(207,'02','13','05','Llama','021305'),(208,'02','13','06','Llumpa','021306'),(209,'02','13','07','Lucma','021307'),(210,'02','13','08','Musga','021308'),(211,'02','14','00','Ocros','021400'),(212,'02','14','01','Ocros','021401'),(213,'02','14','02','Acas','021402'),(214,'02','14','03','Cajamarquilla','021403'),(215,'02','14','04','Carhuapampa','021404'),(216,'02','14','05','Cochas','021405'),(217,'02','14','06','Congas','021406'),(218,'02','14','07','Llipa','021407'),(219,'02','14','08','San Cristobal de Rajan','021408'),(220,'02','14','09','San Pedro','021409'),(221,'02','14','10','Santiago de Chilcas','021410'),(222,'02','15','00','Pallasca','021500'),(223,'02','15','01','Cabana','021501'),(224,'02','15','02','Bolognesi','021502'),(225,'02','15','03','Conchucos','021503'),(226,'02','15','04','Huacaschuque','021504'),(227,'02','15','05','Huandoval','021505'),(228,'02','15','06','Lacabamba','021506'),(229,'02','15','07','Llapo','021507'),(230,'02','15','08','Pallasca','021508'),(231,'02','15','09','Pampas','021509'),(232,'02','15','10','Santa Rosa','021510'),(233,'02','15','11','Tauca','021511'),(234,'02','16','00','Pomabamba','021600'),(235,'02','16','01','Pomabamba','021601'),(236,'02','16','02','Huayllan','021602'),(237,'02','16','03','Parobamba','021603'),(238,'02','16','04','Quinuabamba','021604'),(239,'02','17','00','Recuay','021700'),(240,'02','17','01','Recuay','021701'),(241,'02','17','02','Catac','021702'),(242,'02','17','03','Cotaparaco','021703'),(243,'02','17','04','Huayllapampa','021704'),(244,'02','17','05','Llacllin','021705'),(245,'02','17','06','Marca','021706'),(246,'02','17','07','Pampas Chico','021707'),(247,'02','17','08','Pararin','021708'),(248,'02','17','09','Tapacocha','021709'),(249,'02','17','10','Ticapampa','021710'),(250,'02','18','00','Santa','021800'),(251,'02','18','01','Chimbote','021801'),(252,'02','18','02','Caceres del Peru','021802'),(253,'02','18','03','Coishco','021803'),(254,'02','18','04','Macate','021804'),(255,'02','18','05','Moro','021805'),(256,'02','18','06','Nepeña','021806'),(257,'02','18','07','Samanco','021807'),(258,'02','18','08','Santa','021808'),(259,'02','18','09','Nuevo Chimbote','021809'),(260,'02','19','00','Sihuas','021900'),(261,'02','19','01','Sihuas','021901'),(262,'02','19','02','Acobamba','021902'),(263,'02','19','03','Alfonso Ugarte','021903'),(264,'02','19','04','Cashapampa','021904'),(265,'02','19','05','Chingalpo','021905'),(266,'02','19','06','Huayllabamba','021906'),(267,'02','19','07','Quiches','021907'),(268,'02','19','08','Ragash','021908'),(269,'02','19','09','San Juan','021909'),(270,'02','19','10','Sicsibamba','021910'),(271,'02','20','00','Yungay','022000'),(272,'02','20','01','Yungay','022001'),(273,'02','20','02','Cascapara','022002'),(274,'02','20','03','Mancos','022003'),(275,'02','20','04','Matacoto','022004'),(276,'02','20','05','Quillo','022005'),(277,'02','20','06','Ranrahirca','022006'),(278,'02','20','07','Shupluy','022007'),(279,'02','20','08','Yanama','022008'),(280,'03','00','00','Apurimac','030000'),(281,'03','01','00','Abancay','030100'),(282,'03','01','01','Abancay','030101'),(283,'03','01','02','Chacoche','030102'),(284,'03','01','03','Circa','030103'),(285,'03','01','04','Curahuasi','030104'),(286,'03','01','05','Huanipaca','030105'),(287,'03','01','06','Lambrama','030106'),(288,'03','01','07','Pichirhua','030107'),(289,'03','01','08','San Pedro de Cachora','030108'),(290,'03','01','09','Tamburco','030109'),(291,'03','02','00','Andahuaylas','030200'),(292,'03','02','01','Andahuaylas','030201'),(293,'03','02','02','Andarapa','030202'),(294,'03','02','03','Chiara','030203'),(295,'03','02','04','Huancarama','030204'),(296,'03','02','05','Huancaray','030205'),(297,'03','02','06','Huayana','030206'),(298,'03','02','07','Kishuara','030207'),(299,'03','02','08','Pacobamba','030208'),(300,'03','02','09','Pacucha','030209'),(301,'03','02','10','Pampachiri','030210'),(302,'03','02','11','Pomacocha','030211'),(303,'03','02','12','San Antonio de Cachi','030212'),(304,'03','02','13','San Jeronimo','030213'),(305,'03','02','14','San Miguel de Chaccrampa','030214'),(306,'03','02','15','Santa Maria de Chicmo','030215'),(307,'03','02','16','Talavera','030216'),(308,'03','02','17','Tumay Huaraca','030217'),(309,'03','02','18','Turpo','030218'),(310,'03','02','19','Kaquiabamba','030219'),(311,'03','03','00','Antabamba','030300'),(312,'03','03','01','Antabamba','030301'),(313,'03','03','02','El Oro','030302'),(314,'03','03','03','Huaquirca','030303'),(315,'03','03','04','Juan Espinoza Medrano','030304'),(316,'03','03','05','Oropesa','030305'),(317,'03','03','06','Pachaconas','030306'),(318,'03','03','07','Sabaino','030307'),(319,'03','04','00','Aymaraes','030400'),(320,'03','04','01','Chalhuanca','030401'),(321,'03','04','02','Capaya','030402'),(322,'03','04','03','Caraybamba','030403'),(323,'03','04','04','Chapimarca','030404'),(324,'03','04','05','Colcabamba','030405'),(325,'03','04','06','Cotaruse','030406'),(326,'03','04','07','Huayllo','030407'),(327,'03','04','08','Justo Apu Sahuaraura','030408'),(328,'03','04','09','Lucre','030409'),(329,'03','04','10','Pocohuanca','030410'),(330,'03','04','11','San Juan de Chacña','030411'),(331,'03','04','12','Sañayca','030412'),(332,'03','04','13','Soraya','030413'),(333,'03','04','14','Tapairihua','030414'),(334,'03','04','15','Tintay','030415'),(335,'03','04','16','Toraya','030416'),(336,'03','04','17','Yanaca','030417'),(337,'03','05','00','Cotabambas','030500'),(338,'03','05','01','Tambobamba','030501'),(339,'03','05','02','Cotabambas','030502'),(340,'03','05','03','Coyllurqui','030503'),(341,'03','05','04','Haquira','030504'),(342,'03','05','05','Mara','030505'),(343,'03','05','06','Challhuahuacho','030506'),(344,'03','06','00','Chincheros','030600'),(345,'03','06','01','Chincheros','030601'),(346,'03','06','02','Anco-Huallo','030602'),(347,'03','06','03','Cocharcas','030603'),(348,'03','06','04','Huaccana','030604'),(349,'03','06','05','Ocobamba','030605'),(350,'03','06','06','Ongoy','030606'),(351,'03','06','07','Uranmarca','030607'),(352,'03','06','08','Ranracancha','030608'),(353,'03','07','00','Grau','030700'),(354,'03','07','01','Chuquibambilla','030701'),(355,'03','07','02','Curpahuasi','030702'),(356,'03','07','03','Gamarra','030703'),(357,'03','07','04','Huayllati','030704'),(358,'03','07','05','Mamara','030705'),(359,'03','07','06','Micaela Bastidas','030706'),(360,'03','07','07','Pataypampa','030707'),(361,'03','07','08','Progreso','030708'),(362,'03','07','09','San Antonio','030709'),(363,'03','07','10','Santa Rosa','030710'),(364,'03','07','11','Turpay','030711'),(365,'03','07','12','Vilcabamba','030712'),(366,'03','07','13','Virundo','030713'),(367,'03','07','14','Curasco','030714'),(368,'04','00','00','Arequipa','040000'),(369,'04','01','00','Arequipa','040100'),(370,'04','01','01','Arequipa','040101'),(371,'04','01','02','Alto Selva Alegre','040102'),(372,'04','01','03','Cayma','040103'),(373,'04','01','04','Cerro Colorado','040104'),(374,'04','01','05','Characato','040105'),(375,'04','01','06','Chiguata','040106'),(376,'04','01','07','Jacobo Hunter','040107'),(377,'04','01','08','La Joya','040108'),(378,'04','01','09','Mariano Melgar','040109'),(379,'04','01','10','Miraflores','040110'),(380,'04','01','11','Mollebaya','040111'),(381,'04','01','12','Paucarpata','040112'),(382,'04','01','13','Pocsi','040113'),(383,'04','01','14','Polobaya','040114'),(384,'04','01','15','Quequeña','040115'),(385,'04','01','16','Sabandia','040116'),(386,'04','01','17','Sachaca','040117'),(387,'04','01','18','San Juan de Siguas','040118'),(388,'04','01','19','San Juan de Tarucani','040119'),(389,'04','01','20','Santa Isabel de Siguas','040120'),(390,'04','01','21','Santa Rita de Siguas','040121'),(391,'04','01','22','Socabaya','040122'),(392,'04','01','23','Tiabaya','040123'),(393,'04','01','24','Uchumayo','040124'),(394,'04','01','25','Vitor','040125'),(395,'04','01','26','Yanahuara','040126'),(396,'04','01','27','Yarabamba','040127'),(397,'04','01','28','Yura','040128'),(398,'04','01','29','Jose Luis Bustamante y Rivero','040129'),(399,'04','02','00','Camana','040200'),(400,'04','02','01','Camana','040201'),(401,'04','02','02','Jose Maria Quimper','040202'),(402,'04','02','03','Mariano Nicolas Valcarcel','040203'),(403,'04','02','04','Mariscal Caceres','040204'),(404,'04','02','05','Nicolas de Pierola','040205'),(405,'04','02','06','Ocoña','040206'),(406,'04','02','07','Quilca','040207'),(407,'04','02','08','Samuel Pastor','040208'),(408,'04','03','00','Caraveli','040300'),(409,'04','03','01','Caraveli','040301'),(410,'04','03','02','Acari','040302'),(411,'04','03','03','Atico','040303'),(412,'04','03','04','Atiquipa','040304'),(413,'04','03','05','Bella Union','040305'),(414,'04','03','06','Cahuacho','040306'),(415,'04','03','07','Chala','040307'),(416,'04','03','08','Chaparra','040308'),(417,'04','03','09','Huanuhuanu','040309'),(418,'04','03','10','Jaqui','040310'),(419,'04','03','11','Lomas','040311'),(420,'04','03','12','Quicacha','040312'),(421,'04','03','13','Yauca','040313'),(422,'04','04','00','Castilla','040400'),(423,'04','04','01','Aplao','040401'),(424,'04','04','02','Andagua','040402'),(425,'04','04','03','Ayo','040403'),(426,'04','04','04','Chachas','040404'),(427,'04','04','05','Chilcaymarca','040405'),(428,'04','04','06','Choco','040406'),(429,'04','04','07','Huancarqui','040407'),(430,'04','04','08','Machaguay','040408'),(431,'04','04','09','Orcopampa','040409'),(432,'04','04','10','Pampacolca','040410'),(433,'04','04','11','Tipan','040411'),(434,'04','04','12','Uñon','040412'),(435,'04','04','13','Uraca','040413'),(436,'04','04','14','Viraco','040414'),(437,'04','05','00','Caylloma','040500'),(438,'04','05','01','Chivay','040501'),(439,'04','05','02','Achoma','040502'),(440,'04','05','03','Cabanaconde','040503'),(441,'04','05','04','Callalli','040504'),(442,'04','05','05','Caylloma','040505'),(443,'04','05','06','Coporaque','040506'),(444,'04','05','07','Huambo','040507'),(445,'04','05','08','Huanca','040508'),(446,'04','05','09','Ichupampa','040509'),(447,'04','05','10','Lari','040510'),(448,'04','05','11','Lluta','040511'),(449,'04','05','12','Maca','040512'),(450,'04','05','13','Madrigal','040513'),(451,'04','05','14','San Antonio de Chuca','040514'),(452,'04','05','15','Sibayo','040515'),(453,'04','05','16','Tapay','040516'),(454,'04','05','17','Tisco','040517'),(455,'04','05','18','Tuti','040518'),(456,'04','05','19','Yanque','040519'),(457,'04','05','20','Majes','040520'),(458,'04','06','00','Condesuyos','040600'),(459,'04','06','01','Chuquibamba','040601'),(460,'04','06','02','Andaray','040602'),(461,'04','06','03','Cayarani','040603'),(462,'04','06','04','Chichas','040604'),(463,'04','06','05','Iray','040605'),(464,'04','06','06','Rio Grande','040606'),(465,'04','06','07','Salamanca','040607'),(466,'04','06','08','Yanaquihua','040608'),(467,'04','07','00','Islay','040700'),(468,'04','07','01','Mollendo','040701'),(469,'04','07','02','Cocachacra','040702'),(470,'04','07','03','Dean Valdivia','040703'),(471,'04','07','04','Islay','040704'),(472,'04','07','05','Mejia','040705'),(473,'04','07','06','Punta de Bombon','040706'),(474,'04','08','00','La Union','040800'),(475,'04','08','01','Cotahuasi','040801'),(476,'04','08','02','Alca','040802'),(477,'04','08','03','Charcana','040803'),(478,'04','08','04','Huaynacotas','040804'),(479,'04','08','05','Pampamarca','040805'),(480,'04','08','06','Puyca','040806'),(481,'04','08','07','Quechualla','040807'),(482,'04','08','08','Sayla','040808'),(483,'04','08','09','Tauria','040809'),(484,'04','08','10','Tomepampa','040810'),(485,'04','08','11','Toro','040811'),(486,'05','00','00','Ayacucho','050000'),(487,'05','01','00','Huamanga','050100'),(488,'05','01','01','Ayacucho','050101'),(489,'05','01','02','Acocro','050102'),(490,'05','01','03','Acos Vinchos','050103'),(491,'05','01','04','Carmen Alto','050104'),(492,'05','01','05','Chiara','050105'),(493,'05','01','06','Ocros','050106'),(494,'05','01','07','Pacaycasa','050107'),(495,'05','01','08','Quinua','050108'),(496,'05','01','09','San Jose de Ticllas','050109'),(497,'05','01','10','San Juan Bautista','050110'),(498,'05','01','11','Santiago de Pischa','050111'),(499,'05','01','12','Socos','050112'),(500,'05','01','13','Tambillo','050113'),(501,'05','01','14','Vinchos','050114'),(502,'05','01','15','Jesús Nazareno','050115'),(503,'05','01','16','Andrés Avelino Cáceres Dorregay','050116'),(504,'05','02','00','Cangallo','050200'),(505,'05','02','01','Cangallo','050201'),(506,'05','02','02','Chuschi','050202'),(507,'05','02','03','Los Morochucos','050203'),(508,'05','02','04','Maria Parado de Bellido','050204'),(509,'05','02','05','Paras','050205'),(510,'05','02','06','Totos','050206'),(511,'05','03','00','Huanca Sancos','050300'),(512,'05','03','01','Sancos','050301'),(513,'05','03','02','Carapo','050302'),(514,'05','03','03','Sacsamarca','050303'),(515,'05','03','04','Santiago de Lucanamarca','050304'),(516,'05','04','00','Huanta','050400'),(517,'05','04','01','Huanta','050401'),(518,'05','04','02','Ayahuanco','050402'),(519,'05','04','03','Huamanguilla','050403'),(520,'05','04','04','Iguain','050404'),(521,'05','04','05','Luricocha','050405'),(522,'05','04','06','Santillana','050406'),(523,'05','04','07','Sivia','050407'),(524,'05','04','08','Llochegua','050408'),(525,'05','04','09','Canayre','050409'),(526,'05','04','10','Uchuraccay','050410'),(527,'05','04','11','Pucacolpa','050411'),(528,'05','05','00','La Mar','050500'),(529,'05','05','01','San Miguel','050501'),(530,'05','05','02','Anco','050502'),(531,'05','05','03','Ayna','050503'),(532,'05','05','04','Chilcas','050504'),(533,'05','05','05','Chungui','050505'),(534,'05','05','06','Luis Carranza','050506'),(535,'05','05','07','Santa Rosa','050507'),(536,'05','05','08','Tambo','050508'),(537,'05','05','09','Samugari','050509'),(538,'05','05','10','Anchihuay','050510'),(539,'05','06','00','Lucanas','050600'),(540,'05','06','01','Puquio','050601'),(541,'05','06','02','Aucara','050602'),(542,'05','06','03','Cabana','050603'),(543,'05','06','04','Carmen Salcedo','050604'),(544,'05','06','05','Chaviña','050605'),(545,'05','06','06','Chipao','050606'),(546,'05','06','07','Huac-Huas','050607'),(547,'05','06','08','Laramate','050608'),(548,'05','06','09','Leoncio Prado','050609'),(549,'05','06','10','Llauta','050610'),(550,'05','06','11','Lucanas','050611'),(551,'05','06','12','Ocaña','050612'),(552,'05','06','13','Otoca','050613'),(553,'05','06','14','Saisa','050614'),(554,'05','06','15','San Cristobal','050615'),(555,'05','06','16','San Juan','050616'),(556,'05','06','17','San Pedro','050617'),(557,'05','06','18','San Pedro de Palco','050618'),(558,'05','06','19','Sancos','050619'),(559,'05','06','20','Santa Ana de Huaycahuacho','050620'),(560,'05','06','21','Santa Lucia','050621'),(561,'05','07','00','Parinacochas','050700'),(562,'05','07','01','Coracora','050701'),(563,'05','07','02','Chumpi','050702'),(564,'05','07','03','Coronel Castañeda','050703'),(565,'05','07','04','Pacapausa','050704'),(566,'05','07','05','Pullo','050705'),(567,'05','07','06','Puyusca','050706'),(568,'05','07','07','San Francisco de Ravacayco','050707'),(569,'05','07','08','Upahuacho','050708'),(570,'05','08','00','Paucar del Sara Sara','050800'),(571,'05','08','01','Pausa','050801'),(572,'05','08','02','Colta','050802'),(573,'05','08','03','Corculla','050803'),(574,'05','08','04','Lampa','050804'),(575,'05','08','05','Marcabamba','050805'),(576,'05','08','06','Oyolo','050806'),(577,'05','08','07','Pararca','050807'),(578,'05','08','08','San Javier de Alpabamba','050808'),(579,'05','08','09','San Jose de Ushua','050809'),(580,'05','08','10','Sara Sara','050810'),(581,'05','09','00','Sucre','050900'),(582,'05','09','01','Querobamba','050901'),(583,'05','09','02','Belen','050902'),(584,'05','09','03','Chalcos','050903'),(585,'05','09','04','Chilcayoc','050904'),(586,'05','09','05','Huacaña','050905'),(587,'05','09','06','Morcolla','050906'),(588,'05','09','07','Paico','050907'),(589,'05','09','08','San Pedro de Larcay','050908'),(590,'05','09','09','San Salvador de Quije','050909'),(591,'05','09','10','Santiago de Paucaray','050910'),(592,'05','09','11','Soras','050911'),(593,'05','10','00','Victor Fajardo','051000'),(594,'05','10','01','Huancapi','051001'),(595,'05','10','02','Alcamenca','051002'),(596,'05','10','03','Apongo','051003'),(597,'05','10','04','Asquipata','051004'),(598,'05','10','05','Canaria','051005'),(599,'05','10','06','Cayara','051006'),(600,'05','10','07','Colca','051007'),(601,'05','10','08','Huamanquiquia','051008'),(602,'05','10','09','Huancaraylla','051009'),(603,'05','10','10','Huaya','051010'),(604,'05','10','11','Sarhua','051011'),(605,'05','10','12','Vilcanchos','051012'),(606,'05','11','00','Vilcas Huaman','051100'),(607,'05','11','01','Vilcas Huaman','051101'),(608,'05','11','02','Accomarca','051102'),(609,'05','11','03','Carhuanca','051103'),(610,'05','11','04','Concepcion','051104'),(611,'05','11','05','Huambalpa','051105'),(612,'05','11','06','Independencia','051106'),(613,'05','11','07','Saurama','051107'),(614,'05','11','08','Vischongo','051108'),(615,'06','00','00','Cajamarca','060000'),(616,'06','01','00','Cajamarca','060100'),(617,'06','01','01','Cajamarca','060101'),(618,'06','01','02','Asuncion','060102'),(619,'06','01','03','Chetilla','060103'),(620,'06','01','04','Cospan','060104'),(621,'06','01','05','Encañada','060105'),(622,'06','01','06','Jesus','060106'),(623,'06','01','07','Llacanora','060107'),(624,'06','01','08','Los Baños del Inca','060108'),(625,'06','01','09','Magdalena','060109'),(626,'06','01','10','Matara','060110'),(627,'06','01','11','Namora','060111'),(628,'06','01','12','San Juan','060112'),(629,'06','02','00','Cajabamba','060200'),(630,'06','02','01','Cajabamba','060201'),(631,'06','02','02','Cachachi','060202'),(632,'06','02','03','Condebamba','060203'),(633,'06','02','04','Sitacocha','060204'),(634,'06','03','00','Celendin','060300'),(635,'06','03','01','Celendin','060301'),(636,'06','03','02','Chumuch','060302'),(637,'06','03','03','Cortegana','060303'),(638,'06','03','04','Huasmin','060304'),(639,'06','03','05','Jorge Chavez','060305'),(640,'06','03','06','Jose Galvez','060306'),(641,'06','03','07','Miguel Iglesias','060307'),(642,'06','03','08','Oxamarca','060308'),(643,'06','03','09','Sorochuco','060309'),(644,'06','03','10','Sucre','060310'),(645,'06','03','11','Utco','060311'),(646,'06','03','12','La Libertad de Pallan','060312'),(647,'06','04','00','Chota','060400'),(648,'06','04','01','Chota','060401'),(649,'06','04','02','Anguia','060402'),(650,'06','04','03','Chadin','060403'),(651,'06','04','04','Chiguirip','060404'),(652,'06','04','05','Chimban','060405'),(653,'06','04','06','Choropampa','060406'),(654,'06','04','07','Cochabamba','060407'),(655,'06','04','08','Conchan','060408'),(656,'06','04','09','Huambos','060409'),(657,'06','04','10','Lajas','060410'),(658,'06','04','11','Llama','060411'),(659,'06','04','12','Miracosta','060412'),(660,'06','04','13','Paccha','060413'),(661,'06','04','14','Pion','060414'),(662,'06','04','15','Querocoto','060415'),(663,'06','04','16','San Juan de Licupis','060416'),(664,'06','04','17','Tacabamba','060417'),(665,'06','04','18','Tocmoche','060418'),(666,'06','04','19','Chalamarca','060419'),(667,'06','05','00','Contumaza','060500'),(668,'06','05','01','Contumaza','060501'),(669,'06','05','02','Chilete','060502'),(670,'06','05','03','Cupisnique','060503'),(671,'06','05','04','Guzmango','060504'),(672,'06','05','05','San Benito','060505'),(673,'06','05','06','Santa Cruz de Toled','060506'),(674,'06','05','07','Tantarica','060507'),(675,'06','05','08','Yonan','060508'),(676,'06','06','00','Cutervo','060600'),(677,'06','06','01','Cutervo','060601'),(678,'06','06','02','Callayuc','060602'),(679,'06','06','03','Choros','060603'),(680,'06','06','04','Cujillo','060604'),(681,'06','06','05','La Ramada','060605'),(682,'06','06','06','Pimpingos','060606'),(683,'06','06','07','Querocotillo','060607'),(684,'06','06','08','San Andres de Cutervo','060608'),(685,'06','06','09','San Juan de Cutervo','060609'),(686,'06','06','10','San Luis de Lucma','060610'),(687,'06','06','11','Santa Cruz','060611'),(688,'06','06','12','Santo Domingo de la Capilla','060612'),(689,'06','06','13','Santo Tomas','060613'),(690,'06','06','14','Socota','060614'),(691,'06','06','15','Toribio Casanova','060615'),(692,'06','07','00','Hualgayoc','060700'),(693,'06','07','01','Bambamarca','060701'),(694,'06','07','02','Chugur','060702'),(695,'06','07','03','Hualgayoc','060703'),(696,'06','08','00','Jaen','060800'),(697,'06','08','01','Jaen','060801'),(698,'06','08','02','Bellavista','060802'),(699,'06','08','03','Chontali','060803'),(700,'06','08','04','Colasay','060804'),(701,'06','08','05','Huabal','060805'),(702,'06','08','06','Las Pirias','060806'),(703,'06','08','07','Pomahuaca','060807'),(704,'06','08','08','Pucara','060808'),(705,'06','08','09','Sallique','060809'),(706,'06','08','10','San Felipe','060810'),(707,'06','08','11','San Jose del Alto','060811'),(708,'06','08','12','Santa Rosa','060812'),(709,'06','09','00','San Ignacio','060900'),(710,'06','09','01','San Ignacio','060901'),(711,'06','09','02','Chirinos','060902'),(712,'06','09','03','Huarango','060903'),(713,'06','09','04','La Coipa','060904'),(714,'06','09','05','Namballe','060905'),(715,'06','09','06','San Jose de Lourdes','060906'),(716,'06','09','07','Tabaconas','060907'),(717,'06','10','00','San Marcos','061000'),(718,'06','10','01','Pedro Galvez','061001'),(719,'06','10','02','Chancay','061002'),(720,'06','10','03','Eduardo Villanueva','061003'),(721,'06','10','04','Gregorio Pita','061004'),(722,'06','10','05','Ichocan','061005'),(723,'06','10','06','Jose Manuel Quiroz','061006'),(724,'06','10','07','Jose Sabogal','061007'),(725,'06','11','00','San Miguel','061100'),(726,'06','11','01','San Miguel','061101'),(727,'06','11','02','Bolivar','061102'),(728,'06','11','03','Calquis','061103'),(729,'06','11','04','Catilluc','061104'),(730,'06','11','05','El Prado','061105'),(731,'06','11','06','La Florida','061106'),(732,'06','11','07','Llapa','061107'),(733,'06','11','08','Nanchoc','061108'),(734,'06','11','09','Niepos','061109'),(735,'06','11','10','San Gregorio','061110'),(736,'06','11','11','San Silvestre de Cochan','061111'),(737,'06','11','12','Tongod','061112'),(738,'06','11','13','Union Agua Blanca','061113'),(739,'06','12','00','San Pablo','061200'),(740,'06','12','01','San Pablo','061201'),(741,'06','12','02','San Bernardino','061202'),(742,'06','12','03','San Luis','061203'),(743,'06','12','04','Tumbaden','061204'),(744,'06','13','00','Santa Cruz','061300'),(745,'06','13','01','Santa Cruz','061301'),(746,'06','13','02','Andabamba','061302'),(747,'06','13','03','Catache','061303'),(748,'06','13','04','Chancaybaños','061304'),(749,'06','13','05','La Esperanza','061305'),(750,'06','13','06','Ninabamba','061306'),(751,'06','13','07','Pulan','061307'),(752,'06','13','08','Saucepampa','061308'),(753,'06','13','09','Sexi','061309'),(754,'06','13','10','Uticyacu','061310'),(755,'06','13','11','Yauyucan','061311'),(756,'07','00','00','Callao','070000'),(757,'07','01','00','Prov. Const. del Callao','070100'),(758,'07','01','01','Callao','070101'),(759,'07','01','02','Bellavista','070102'),(760,'07','01','03','Carmen de la Legua Reynoso','070103'),(761,'07','01','04','La Perla','070104'),(762,'07','01','05','La Punta','070105'),(763,'07','01','06','Ventanilla','070106'),(764,'07','01','07','Mi Perú','070107'),(765,'08','00','00','Cusco','080000'),(766,'08','01','00','Cusco','080100'),(767,'08','01','01','Cusco','080101'),(768,'08','01','02','Ccorca','080102'),(769,'08','01','03','Poroy','080103'),(770,'08','01','04','San Jeronimo','080104'),(771,'08','01','05','San Sebastian','080105'),(772,'08','01','06','Santiago','080106'),(773,'08','01','07','Saylla','080107'),(774,'08','01','08','Wanchaq','080108'),(775,'08','02','00','Acomayo','080200'),(776,'08','02','01','Acomayo','080201'),(777,'08','02','02','Acopia','080202'),(778,'08','02','03','Acos','080203'),(779,'08','02','04','Mosoc Llacta','080204'),(780,'08','02','05','Pomacanchi','080205'),(781,'08','02','06','Rondocan','080206'),(782,'08','02','07','Sangarara','080207'),(783,'08','03','00','Anta','080300'),(784,'08','03','01','Anta','080301'),(785,'08','03','02','Ancahuasi','080302'),(786,'08','03','03','Cachimayo','080303'),(787,'08','03','04','Chinchaypujio','080304'),(788,'08','03','05','Huarocondo','080305'),(789,'08','03','06','Limatambo','080306'),(790,'08','03','07','Mollepata','080307'),(791,'08','03','08','Pucyura','080308'),(792,'08','03','09','Zurite','080309'),(793,'08','04','00','Calca','080400'),(794,'08','04','01','Calca','080401'),(795,'08','04','02','Coya','080402'),(796,'08','04','03','Lamay','080403'),(797,'08','04','04','Lares','080404'),(798,'08','04','05','Pisac','080405'),(799,'08','04','06','San Salvador','080406'),(800,'08','04','07','Taray','080407'),(801,'08','04','08','Yanatile','080408'),(802,'08','05','00','Canas','080500'),(803,'08','05','01','Yanaoca','080501'),(804,'08','05','02','Checca','080502'),(805,'08','05','03','Kunturkanki','080503'),(806,'08','05','04','Langui','080504'),(807,'08','05','05','Layo','080505'),(808,'08','05','06','Pampamarca','080506'),(809,'08','05','07','Quehue','080507'),(810,'08','05','08','Tupac Amaru','080508'),(811,'08','06','00','Canchis','080600'),(812,'08','06','01','Sicuani','080601'),(813,'08','06','02','Checacupe','080602'),(814,'08','06','03','Combapata','080603'),(815,'08','06','04','Marangani','080604'),(816,'08','06','05','Pitumarca','080605'),(817,'08','06','06','San Pablo','080606'),(818,'08','06','07','San Pedro','080607'),(819,'08','06','08','Tinta','080608'),(820,'08','07','00','Chumbivilcas','080700'),(821,'08','07','01','Santo Tomas','080701'),(822,'08','07','02','Capacmarca','080702'),(823,'08','07','03','Chamaca','080703'),(824,'08','07','04','Colquemarca','080704'),(825,'08','07','05','Livitaca','080705'),(826,'08','07','06','Llusco','080706'),(827,'08','07','07','Quiñota','080707'),(828,'08','07','08','Velille','080708'),(829,'08','08','00','Espinar','080800'),(830,'08','08','01','Espinar','080801'),(831,'08','08','02','Condoroma','080802'),(832,'08','08','03','Coporaque','080803'),(833,'08','08','04','Ocoruro','080804'),(834,'08','08','05','Pallpata','080805'),(835,'08','08','06','Pichigua','080806'),(836,'08','08','07','Suyckutambo','080807'),(837,'08','08','08','Alto Pichigua','080808'),(838,'08','09','00','La Convencion','080900'),(839,'08','09','01','Santa Ana','080901'),(840,'08','09','02','Echarate','080902'),(841,'08','09','03','Huayopata','080903'),(842,'08','09','04','Maranura','080904'),(843,'08','09','05','Ocobamba','080905'),(844,'08','09','06','Quellouno','080906'),(845,'08','09','07','Kimbiri','080907'),(846,'08','09','08','Santa Teresa','080908'),(847,'08','09','09','Vilcabamba','080909'),(848,'08','09','10','Pichari','080910'),(849,'08','09','11','Inkawasi','080911'),(850,'08','09','12','Villa Virgen','080912'),(851,'08','10','00','Paruro','081000'),(852,'08','10','01','Paruro','081001'),(853,'08','10','02','Accha','081002'),(854,'08','10','03','Ccapi','081003'),(855,'08','10','04','Colcha','081004'),(856,'08','10','05','Huanoquite','081005'),(857,'08','10','06','Omacha','081006'),(858,'08','10','07','Paccaritambo','081007'),(859,'08','10','08','Pillpinto','081008'),(860,'08','10','09','Yaurisque','081009'),(861,'08','11','00','Paucartambo','081100'),(862,'08','11','01','Paucartambo','081101'),(863,'08','11','02','Caicay','081102'),(864,'08','11','03','Challabamba','081103'),(865,'08','11','04','Colquepata','081104'),(866,'08','11','05','Huancarani','081105'),(867,'08','11','06','Kosñipata','081106'),(868,'08','12','00','Quispicanchi','081200'),(869,'08','12','01','Urcos','081201'),(870,'08','12','02','Andahuaylillas','081202'),(871,'08','12','03','Camanti','081203'),(872,'08','12','04','Ccarhuayo','081204'),(873,'08','12','05','Ccatca','081205'),(874,'08','12','06','Cusipata','081206'),(875,'08','12','07','Huaro','081207'),(876,'08','12','08','Lucre','081208'),(877,'08','12','09','Marcapata','081209'),(878,'08','12','10','Ocongate','081210'),(879,'08','12','11','Oropesa','081211'),(880,'08','12','12','Quiquijana','081212'),(881,'08','13','00','Urubamba','081300'),(882,'08','13','01','Urubamba','081301'),(883,'08','13','02','Chinchero','081302'),(884,'08','13','03','Huayllabamba','081303'),(885,'08','13','04','Machupicchu','081304'),(886,'08','13','05','Maras','081305'),(887,'08','13','06','Ollantaytambo','081306'),(888,'08','13','07','Yucay','081307'),(889,'09','00','00','Huancavelica','090000'),(890,'09','01','00','Huancavelica','090100'),(891,'09','01','01','Huancavelica','090101'),(892,'09','01','02','Acobambilla','090102'),(893,'09','01','03','Acoria','090103'),(894,'09','01','04','Conayca','090104'),(895,'09','01','05','Cuenca','090105'),(896,'09','01','06','Huachocolpa','090106'),(897,'09','01','07','Huayllahuara','090107'),(898,'09','01','08','Izcuchaca','090108'),(899,'09','01','09','Laria','090109'),(900,'09','01','10','Manta','090110'),(901,'09','01','11','Mariscal Caceres','090111'),(902,'09','01','12','Moya','090112'),(903,'09','01','13','Nuevo Occoro','090113'),(904,'09','01','14','Palca','090114'),(905,'09','01','15','Pilchaca','090115'),(906,'09','01','16','Vilca','090116'),(907,'09','01','17','Yauli','090117'),(908,'09','01','18','Ascensión','090118'),(909,'09','01','19','Huando','090119'),(910,'09','02','00','Acobamba','090200'),(911,'09','02','01','Acobamba','090201'),(912,'09','02','02','Andabamba','090202'),(913,'09','02','03','Anta','090203'),(914,'09','02','04','Caja','090204'),(915,'09','02','05','Marcas','090205'),(916,'09','02','06','Paucara','090206'),(917,'09','02','07','Pomacocha','090207'),(918,'09','02','08','Rosario','090208'),(919,'09','03','00','Angaraes','090300'),(920,'09','03','01','Lircay','090301'),(921,'09','03','02','Anchonga','090302'),(922,'09','03','03','Callanmarca','090303'),(923,'09','03','04','Ccochaccasa','090304'),(924,'09','03','05','Chincho','090305'),(925,'09','03','06','Congalla','090306'),(926,'09','03','07','Huanca-Huanca','090307'),(927,'09','03','08','Huayllay Grande','090308'),(928,'09','03','09','Julcamarca','090309'),(929,'09','03','10','San Antonio de Antaparco','090310'),(930,'09','03','11','Santo Tomas de Pata','090311'),(931,'09','03','12','Secclla','090312'),(932,'09','04','00','Castrovirreyna','090400'),(933,'09','04','01','Castrovirreyna','090401'),(934,'09','04','02','Arma','090402'),(935,'09','04','03','Aurahua','090403'),(936,'09','04','04','Capillas','090404'),(937,'09','04','05','Chupamarca','090405'),(938,'09','04','06','Cocas','090406'),(939,'09','04','07','Huachos','090407'),(940,'09','04','08','Huamatambo','090408'),(941,'09','04','09','Mollepampa','090409'),(942,'09','04','10','San Juan','090410'),(943,'09','04','11','Santa Ana','090411'),(944,'09','04','12','Tantara','090412'),(945,'09','04','13','Ticrapo','090413'),(946,'09','05','00','Churcampa','090500'),(947,'09','05','01','Churcampa','090501'),(948,'09','05','02','Anco','090502'),(949,'09','05','03','Chinchihuasi','090503'),(950,'09','05','04','El Carmen','090504'),(951,'09','05','05','La Merced','090505'),(952,'09','05','06','Locroja','090506'),(953,'09','05','07','Paucarbamba','090507'),(954,'09','05','08','San Miguel de Mayocc','090508'),(955,'09','05','09','San Pedro de Coris','090509'),(956,'09','05','10','Pachamarca','090510'),(957,'09','05','11','Cosme','090511'),(958,'09','06','00','Huaytara','090600'),(959,'09','06','01','Huaytara','090601'),(960,'09','06','02','Ayavi','090602'),(961,'09','06','03','Cordova','090603'),(962,'09','06','04','Huayacundo Arma','090604'),(963,'09','06','05','Laramarca','090605'),(964,'09','06','06','Ocoyo','090606'),(965,'09','06','07','Pilpichaca','090607'),(966,'09','06','08','Querco','090608'),(967,'09','06','09','Quito-Arma','090609'),(968,'09','06','10','San Antonio de Cusicancha','090610'),(969,'09','06','11','San Francisco de Sangayaico','090611'),(970,'09','06','12','San Isidro','090612'),(971,'09','06','13','Santiago de Chocorvos','090613'),(972,'09','06','14','Santiago de Quirahuara','090614'),(973,'09','06','15','Santo Domingo de Capillas','090615'),(974,'09','06','16','Tambo','090616'),(975,'09','07','00','Tayacaja','090700'),(976,'09','07','01','Pampas','090701'),(977,'09','07','02','Acostambo','090702'),(978,'09','07','03','Acraquia','090703'),(979,'09','07','04','Ahuaycha','090704'),(980,'09','07','05','Colcabamba','090705'),(981,'09','07','06','Daniel Hernandez','090706'),(982,'09','07','07','Huachocolpa','090707'),(983,'09','07','09','Huaribamba','090709'),(984,'09','07','10','Ñahuimpuquio','090710'),(985,'09','07','11','Pazos','090711'),(986,'09','07','13','Quishuar','090713'),(987,'09','07','14','Salcabamba','090714'),(988,'09','07','15','Salcahuasi','090715'),(989,'09','07','16','San Marcos de Rocchac','090716'),(990,'09','07','17','Surcubamba','090717'),(991,'09','07','18','Tintay Puncu','090718'),(992,'10','00','00','Huanuco','100000'),(993,'10','01','00','Huanuco','100100'),(994,'10','01','01','Huanuco','100101'),(995,'10','01','02','Amarilis','100102'),(996,'10','01','03','Chinchao','100103'),(997,'10','01','04','Churubamba','100104'),(998,'10','01','05','Margos','100105'),(999,'10','01','06','Quisqui','100106'),(1000,'10','01','07','San Francisco de Cayran','100107'),(1001,'10','01','08','San Pedro de Chaulan','100108'),(1002,'10','01','09','Santa Maria del Valle','100109'),(1003,'10','01','10','Yarumayo','100110'),(1004,'10','01','11','Pillco Marca','100111'),(1005,'10','01','12','Yacus','100112'),(1006,'10','02','00','Ambo','100200'),(1007,'10','02','01','Ambo','100201'),(1008,'10','02','02','Cayna','100202'),(1009,'10','02','03','Colpas','100203'),(1010,'10','02','04','Conchamarca','100204'),(1011,'10','02','05','Huacar','100205'),(1012,'10','02','06','San Francisco','100206'),(1013,'10','02','07','San Rafael','100207'),(1014,'10','02','08','Tomay Kichwa','100208'),(1015,'10','03','00','Dos de Mayo','100300'),(1016,'10','03','01','La Union','100301'),(1017,'10','03','07','Chuquis','100307'),(1018,'10','03','11','Marias','100311'),(1019,'10','03','13','Pachas','100313'),(1020,'10','03','16','Quivilla','100316'),(1021,'10','03','17','Ripan','100317'),(1022,'10','03','21','Shunqui','100321'),(1023,'10','03','22','Sillapata','100322'),(1024,'10','03','23','Yanas','100323'),(1025,'10','04','00','Huacaybamba','100400'),(1026,'10','04','01','Huacaybamba','100401'),(1027,'10','04','02','Canchabamba','100402'),(1028,'10','04','03','Cochabamba','100403'),(1029,'10','04','04','Pinra','100404'),(1030,'10','05','00','Huamalies','100500'),(1031,'10','05','01','Llata','100501'),(1032,'10','05','02','Arancay','100502'),(1033,'10','05','03','Chavin de Pariarca','100503'),(1034,'10','05','04','Jacas Grande','100504'),(1035,'10','05','05','Jircan','100505'),(1036,'10','05','06','Miraflores','100506'),(1037,'10','05','07','Monzon','100507'),(1038,'10','05','08','Punchao','100508'),(1039,'10','05','09','Puños','100509'),(1040,'10','05','10','Singa','100510'),(1041,'10','05','11','Tantamayo','100511'),(1042,'10','06','00','Leoncio Prado','100600'),(1043,'10','06','01','Rupa-Rupa','100601'),(1044,'10','06','02','Daniel Alomias Robles','100602'),(1045,'10','06','03','Hermilio Valdizan','100603'),(1046,'10','06','04','Jose Crespo y Castillo','100604'),(1047,'10','06','05','Luyando','100605'),(1048,'10','06','06','Mariano Damaso Beraun','100606'),(1049,'10','07','00','Marañon','100700'),(1050,'10','07','01','Huacrachuco','100701'),(1051,'10','07','02','Cholon','100702'),(1052,'10','07','03','San Buenaventura','100703'),(1053,'10','08','00','Pachitea','100800'),(1054,'10','08','01','Panao','100801'),(1055,'10','08','02','Chaglla','100802'),(1056,'10','08','03','Molino','100803'),(1057,'10','08','04','Umari','100804'),(1058,'10','09','00','Puerto Inca','100900'),(1059,'10','09','01','Puerto Inca','100901'),(1060,'10','09','02','Codo del Pozuzo','100902'),(1061,'10','09','03','Honoria','100903'),(1062,'10','09','04','Tournavista','100904'),(1063,'10','09','05','Yuyapichis','100905'),(1064,'10','10','00','Lauricocha','101000'),(1065,'10','10','01','Jesus','101001'),(1066,'10','10','02','Baños','101002'),(1067,'10','10','03','Jivia','101003'),(1068,'10','10','04','Queropalca','101004'),(1069,'10','10','05','Rondos','101005'),(1070,'10','10','06','San Francisco de Asis','101006'),(1071,'10','10','07','San Miguel de Cauri','101007'),(1072,'10','11','00','Yarowilca','101100'),(1073,'10','11','01','Chavinillo','101101'),(1074,'10','11','02','Cahuac','101102'),(1075,'10','11','03','Chacabamba','101103'),(1076,'10','11','04','Chupan','101104'),(1077,'10','11','05','Jacas Chico','101105'),(1078,'10','11','06','Obas','101106'),(1079,'10','11','07','Pampamarca','101107'),(1080,'10','11','08','Choras','101108'),(1081,'11','00','00','Ica','110000'),(1082,'11','01','00','Ica','110100'),(1083,'11','01','01','Ica','110101'),(1084,'11','01','02','La Tinguiña','110102'),(1085,'11','01','03','Los Aquijes','110103'),(1086,'11','01','04','Ocucaje','110104'),(1087,'11','01','05','Pachacutec','110105'),(1088,'11','01','06','Parcona','110106'),(1089,'11','01','07','Pueblo Nuevo','110107'),(1090,'11','01','08','Salas','110108'),(1091,'11','01','09','San Jose de los Molinos','110109'),(1092,'11','01','10','San Juan Bautista','110110'),(1093,'11','01','11','Santiago','110111'),(1094,'11','01','12','Subtanjalla','110112'),(1095,'11','01','13','Tate','110113'),(1096,'11','01','14','Yauca del Rosario','110114'),(1097,'11','02','00','Chincha','110200'),(1098,'11','02','01','Chincha Alta','110201'),(1099,'11','02','02','Alto Laran','110202'),(1100,'11','02','03','Chavin','110203'),(1101,'11','02','04','Chincha Baja','110204'),(1102,'11','02','05','El Carmen','110205'),(1103,'11','02','06','Grocio Prado','110206'),(1104,'11','02','07','Pueblo Nuevo','110207'),(1105,'11','02','08','San Juan de Yanac','110208'),(1106,'11','02','09','San Pedro de Huacarpana','110209'),(1107,'11','02','10','Sunampe','110210'),(1108,'11','02','11','Tambo de Mora','110211'),(1109,'11','03','00','Nazca','110300'),(1110,'11','03','01','Nazca','110301'),(1111,'11','03','02','Changuillo','110302'),(1112,'11','03','03','El Ingenio','110303'),(1113,'11','03','04','Marcona','110304'),(1114,'11','03','05','Vista Alegre','110305'),(1115,'11','04','00','Palpa','110400'),(1116,'11','04','01','Palpa','110401'),(1117,'11','04','02','Llipata','110402'),(1118,'11','04','03','Rio Grande','110403'),(1119,'11','04','04','Santa Cruz','110404'),(1120,'11','04','05','Tibillo','110405'),(1121,'11','05','00','Pisco','110500'),(1122,'11','05','01','Pisco','110501'),(1123,'11','05','02','Huancano','110502'),(1124,'11','05','03','Humay','110503'),(1125,'11','05','04','Independencia','110504'),(1126,'11','05','05','Paracas','110505'),(1127,'11','05','06','San Andres','110506'),(1128,'11','05','07','San Clemente','110507'),(1129,'11','05','08','Tupac Amaru Inca','110508'),(1130,'12','00','00','Junin','120000'),(1131,'12','01','00','Huancayo','120100'),(1132,'12','01','01','Huancayo','120101'),(1133,'12','01','04','Carhuacallanga','120104'),(1134,'12','01','05','Chacapampa','120105'),(1135,'12','01','06','Chicche','120106'),(1136,'12','01','07','Chilca','120107'),(1137,'12','01','08','Chongos Alto','120108'),(1138,'12','01','11','Chupuro','120111'),(1139,'12','01','12','Colca','120112'),(1140,'12','01','13','Cullhuas','120113'),(1141,'12','01','14','El Tambo','120114'),(1142,'12','01','16','Huacrapuquio','120116'),(1143,'12','01','17','Hualhuas','120117'),(1144,'12','01','19','Huancan','120119'),(1145,'12','01','20','Huasicancha','120120'),(1146,'12','01','21','Huayucachi','120121'),(1147,'12','01','22','Ingenio','120122'),(1148,'12','01','24','Pariahuanca','120124'),(1149,'12','01','25','Pilcomayo','120125'),(1150,'12','01','26','Pucara','120126'),(1151,'12','01','27','Quichuay','120127'),(1152,'12','01','28','Quilcas','120128'),(1153,'12','01','29','San Agustin','120129'),(1154,'12','01','30','San Jeronimo de Tunan','120130'),(1155,'12','01','32','Saño','120132'),(1156,'12','01','33','Sapallanga','120133'),(1157,'12','01','34','Sicaya','120134'),(1158,'12','01','35','Santo Domingo de Acobamba','120135'),(1159,'12','01','36','Viques','120136'),(1160,'12','02','00','Concepcion','120200'),(1161,'12','02','01','Concepcion','120201'),(1162,'12','02','02','Aco','120202'),(1163,'12','02','03','Andamarca','120203'),(1164,'12','02','04','Chambara','120204'),(1165,'12','02','05','Cochas','120205'),(1166,'12','02','06','Comas','120206'),(1167,'12','02','07','Heroinas Toledo','120207'),(1168,'12','02','08','Manzanares','120208'),(1169,'12','02','09','Mariscal Castilla','120209'),(1170,'12','02','10','Matahuasi','120210'),(1171,'12','02','11','Mito','120211'),(1172,'12','02','12','Nueve de Julio','120212'),(1173,'12','02','13','Orcotuna','120213'),(1174,'12','02','14','San Jose de Quero','120214'),(1175,'12','02','15','Santa Rosa de Ocopa','120215'),(1176,'12','03','00','Chanchamayo','120300'),(1177,'12','03','01','Chanchamayo','120301'),(1178,'12','03','02','Perene','120302'),(1179,'12','03','03','Pichanaqui','120303'),(1180,'12','03','04','San Luis de Shuaro','120304'),(1181,'12','03','05','San Ramon','120305'),(1182,'12','03','06','Vitoc','120306'),(1183,'12','04','00','Jauja','120400'),(1184,'12','04','01','Jauja','120401'),(1185,'12','04','02','Acolla','120402'),(1186,'12','04','03','Apata','120403'),(1187,'12','04','04','Ataura','120404'),(1188,'12','04','05','Canchayllo','120405'),(1189,'12','04','06','Curicaca','120406'),(1190,'12','04','07','El Mantaro','120407'),(1191,'12','04','08','Huamali','120408'),(1192,'12','04','09','Huaripampa','120409'),(1193,'12','04','10','Huertas','120410'),(1194,'12','04','11','Janjaillo','120411'),(1195,'12','04','12','Julcan','120412'),(1196,'12','04','13','Leonor Ordoñez','120413'),(1197,'12','04','14','Llocllapampa','120414'),(1198,'12','04','15','Marco','120415'),(1199,'12','04','16','Masma','120416'),(1200,'12','04','17','Masma Chicche','120417'),(1201,'12','04','18','Molinos','120418'),(1202,'12','04','19','Monobamba','120419'),(1203,'12','04','20','Muqui','120420'),(1204,'12','04','21','Muquiyauyo','120421'),(1205,'12','04','22','Paca','120422'),(1206,'12','04','23','Paccha','120423'),(1207,'12','04','24','Pancan','120424'),(1208,'12','04','25','Parco','120425'),(1209,'12','04','26','Pomacancha','120426'),(1210,'12','04','27','Ricran','120427'),(1211,'12','04','28','San Lorenzo','120428'),(1212,'12','04','29','San Pedro de Chunan','120429'),(1213,'12','04','30','Sausa','120430'),(1214,'12','04','31','Sincos','120431'),(1215,'12','04','32','Tunan Marca','120432'),(1216,'12','04','33','Yauli','120433'),(1217,'12','04','34','Yauyos','120434'),(1218,'12','05','00','Junin','120500'),(1219,'12','05','01','Junin','120501'),(1220,'12','05','02','Carhuamayo','120502'),(1221,'12','05','03','Ondores','120503'),(1222,'12','05','04','Ulcumayo','120504'),(1223,'12','06','00','Satipo','120600'),(1224,'12','06','01','Satipo','120601'),(1225,'12','06','02','Coviriali','120602'),(1226,'12','06','03','Llaylla','120603'),(1227,'12','06','04','Mazamari','120604'),(1228,'12','06','05','Pampa Hermosa','120605'),(1229,'12','06','06','Pangoa','120606'),(1230,'12','06','07','Rio Negro','120607'),(1231,'12','06','08','Rio Tambo','120608'),(1232,'12','06','99','Mazamari-Pangoa','120699'),(1233,'12','07','00','Tarma','120700'),(1234,'12','07','01','Tarma','120701'),(1235,'12','07','02','Acobamba','120702'),(1236,'12','07','03','Huaricolca','120703'),(1237,'12','07','04','Huasahuasi','120704'),(1238,'12','07','05','La Union','120705'),(1239,'12','07','06','Palca','120706'),(1240,'12','07','07','Palcamayo','120707'),(1241,'12','07','08','San Pedro de Cajas','120708'),(1242,'12','07','09','Tapo','120709'),(1243,'12','08','00','Yauli','120800'),(1244,'12','08','01','La Oroya','120801'),(1245,'12','08','02','Chacapalpa','120802'),(1246,'12','08','03','Huay-Huay','120803'),(1247,'12','08','04','Marcapomacocha','120804'),(1248,'12','08','05','Morococha','120805'),(1249,'12','08','06','Paccha','120806'),(1250,'12','08','07','Santa Barbara de Carhuacayan','120807'),(1251,'12','08','08','Santa Rosa de Sacco','120808'),(1252,'12','08','09','Suitucancha','120809'),(1253,'12','08','10','Yauli','120810'),(1254,'12','09','00','Chupaca','120900'),(1255,'12','09','01','Chupaca','120901'),(1256,'12','09','02','Ahuac','120902'),(1257,'12','09','03','Chongos Bajo','120903'),(1258,'12','09','04','Huachac','120904'),(1259,'12','09','05','Huamancaca Chico','120905'),(1260,'12','09','06','San Juan de Iscos','120906'),(1261,'12','09','07','San Juan de Jarpa','120907'),(1262,'12','09','08','3 de Diciembre','120908'),(1263,'12','09','09','Yanacancha','120909'),(1264,'13','00','00','La Libertad','130000'),(1265,'13','01','00','Trujillo','130100'),(1266,'13','01','01','Trujillo','130101'),(1267,'13','01','02','El Porvenir','130102'),(1268,'13','01','03','Florencia de Mora','130103'),(1269,'13','01','04','Huanchaco','130104'),(1270,'13','01','05','La Esperanza','130105'),(1271,'13','01','06','Laredo','130106'),(1272,'13','01','07','Moche','130107'),(1273,'13','01','08','Poroto','130108'),(1274,'13','01','09','Salaverry','130109'),(1275,'13','01','10','Simbal','130110'),(1276,'13','01','11','Victor Larco Herrera','130111'),(1277,'13','02','00','Ascope','130200'),(1278,'13','02','01','Ascope','130201'),(1279,'13','02','02','Chicama','130202'),(1280,'13','02','03','Chocope','130203'),(1281,'13','02','04','Magdalena de Cao','130204'),(1282,'13','02','05','Paijan','130205'),(1283,'13','02','06','Razuri','130206'),(1284,'13','02','07','Santiago de Cao','130207'),(1285,'13','02','08','Casa Grande','130208'),(1286,'13','03','00','Bolivar','130300'),(1287,'13','03','01','Bolivar','130301'),(1288,'13','03','02','Bambamarca','130302'),(1289,'13','03','03','Condormarca','130303'),(1290,'13','03','04','Longotea','130304'),(1291,'13','03','05','Uchumarca','130305'),(1292,'13','03','06','Ucuncha','130306'),(1293,'13','04','00','Chepen','130400'),(1294,'13','04','01','Chepen','130401'),(1295,'13','04','02','Pacanga','130402'),(1296,'13','04','03','Pueblo Nuevo','130403'),(1297,'13','05','00','Julcan','130500'),(1298,'13','05','01','Julcan','130501'),(1299,'13','05','02','Calamarca','130502'),(1300,'13','05','03','Carabamba','130503'),(1301,'13','05','04','Huaso','130504'),(1302,'13','06','00','Otuzco','130600'),(1303,'13','06','01','Otuzco','130601'),(1304,'13','06','02','Agallpampa','130602'),(1305,'13','06','04','Charat','130604'),(1306,'13','06','05','Huaranchal','130605'),(1307,'13','06','06','La Cuesta','130606'),(1308,'13','06','08','Mache','130608'),(1309,'13','06','10','Paranday','130610'),(1310,'13','06','11','Salpo','130611'),(1311,'13','06','13','Sinsicap','130613'),(1312,'13','06','14','Usquil','130614'),(1313,'13','07','00','Pacasmayo','130700'),(1314,'13','07','01','San Pedro de Lloc','130701'),(1315,'13','07','02','Guadalupe','130702'),(1316,'13','07','03','Jequetepeque','130703'),(1317,'13','07','04','Pacasmayo','130704'),(1318,'13','07','05','San Jose','130705'),(1319,'13','08','00','Pataz','130800'),(1320,'13','08','01','Tayabamba','130801'),(1321,'13','08','02','Buldibuyo','130802'),(1322,'13','08','03','Chillia','130803'),(1323,'13','08','04','Huancaspata','130804'),(1324,'13','08','05','Huaylillas','130805'),(1325,'13','08','06','Huayo','130806'),(1326,'13','08','07','Ongon','130807'),(1327,'13','08','08','Parcoy','130808'),(1328,'13','08','09','Pataz','130809'),(1329,'13','08','10','Pias','130810'),(1330,'13','08','11','Santiago de Challas','130811'),(1331,'13','08','12','Taurija','130812'),(1332,'13','08','13','Urpay','130813'),(1333,'13','09','00','Sanchez Carrion','130900'),(1334,'13','09','01','Huamachuco','130901'),(1335,'13','09','02','Chugay','130902'),(1336,'13','09','03','Cochorco','130903'),(1337,'13','09','04','Curgos','130904'),(1338,'13','09','05','Marcabal','130905'),(1339,'13','09','06','Sanagoran','130906'),(1340,'13','09','07','Sarin','130907'),(1341,'13','09','08','Sartimbamba','130908'),(1342,'13','10','00','Santiago de Chuco','131000'),(1343,'13','10','01','Santiago de Chuco','131001'),(1344,'13','10','02','Angasmarca','131002'),(1345,'13','10','03','Cachicadan','131003'),(1346,'13','10','04','Mollebamba','131004'),(1347,'13','10','05','Mollepata','131005'),(1348,'13','10','06','Quiruvilca','131006'),(1349,'13','10','07','Santa Cruz de Chuca','131007'),(1350,'13','10','08','Sitabamba','131008'),(1351,'13','11','00','Gran Chimu','131100'),(1352,'13','11','01','Cascas','131101'),(1353,'13','11','02','Lucma','131102'),(1354,'13','11','03','Marmot','131103'),(1355,'13','11','04','Sayapullo','131104'),(1356,'13','12','00','Viru','131200'),(1357,'13','12','01','Viru','131201'),(1358,'13','12','02','Chao','131202'),(1359,'13','12','03','Guadalupito','131203'),(1360,'14','00','00','Lambayeque','140000'),(1361,'14','01','00','Chiclayo','140100'),(1362,'14','01','01','Chiclayo','140101'),(1363,'14','01','02','Chongoyape','140102'),(1364,'14','01','03','Eten','140103'),(1365,'14','01','04','Eten Puerto','140104'),(1366,'14','01','05','Jose Leonardo Ortiz','140105'),(1367,'14','01','06','La Victoria','140106'),(1368,'14','01','07','Lagunas','140107'),(1369,'14','01','08','Monsefu','140108'),(1370,'14','01','09','Nueva Arica','140109'),(1371,'14','01','10','Oyotun','140110'),(1372,'14','01','11','Picsi','140111'),(1373,'14','01','12','Pimentel','140112'),(1374,'14','01','13','Reque','140113'),(1375,'14','01','14','Santa Rosa','140114'),(1376,'14','01','15','Saña','140115'),(1377,'14','01','16','Cayaltí','140116'),(1378,'14','01','17','Patapo','140117'),(1379,'14','01','18','Pomalca','140118'),(1380,'14','01','19','Pucalá','140119'),(1381,'14','01','20','Tumán','140120'),(1382,'14','02','00','Ferreñafe','140200'),(1383,'14','02','01','Ferreñafe','140201'),(1384,'14','02','02','Cañaris','140202'),(1385,'14','02','03','Incahuasi','140203'),(1386,'14','02','04','Manuel Antonio Mesones Muro','140204'),(1387,'14','02','05','Pitipo','140205'),(1388,'14','02','06','Pueblo Nuevo','140206'),(1389,'14','03','00','Lambayeque','140300'),(1390,'14','03','01','Lambayeque','140301'),(1391,'14','03','02','Chochope','140302'),(1392,'14','03','03','Illimo','140303'),(1393,'14','03','04','Jayanca','140304'),(1394,'14','03','05','Mochumi','140305'),(1395,'14','03','06','Morrope','140306'),(1396,'14','03','07','Motupe','140307'),(1397,'14','03','08','Olmos','140308'),(1398,'14','03','09','Pacora','140309'),(1399,'14','03','10','Salas','140310'),(1400,'14','03','11','San Jose','140311'),(1401,'14','03','12','Tucume','140312'),(1402,'15','00','00','Lima','150000'),(1403,'15','01','00','Lima','150100'),(1404,'15','01','01','Lima','150101'),(1405,'15','01','02','Ancon','150102'),(1406,'15','01','03','Ate','150103'),(1407,'15','01','04','Barranco','150104'),(1408,'15','01','05','Breña','150105'),(1409,'15','01','06','Carabayllo','150106'),(1410,'15','01','07','Chaclacayo','150107'),(1411,'15','01','08','Chorrillos','150108'),(1412,'15','01','09','Cieneguilla','150109'),(1413,'15','01','10','Comas','150110'),(1414,'15','01','11','El Agustino','150111'),(1415,'15','01','12','Independencia','150112'),(1416,'15','01','13','Jesus Maria','150113'),(1417,'15','01','14','La Molina','150114'),(1418,'15','01','15','La Victoria','150115'),(1419,'15','01','16','Lince','150116'),(1420,'15','01','17','Los Olivos','150117'),(1421,'15','01','18','Lurigancho','150118'),(1422,'15','01','19','Lurin','150119'),(1423,'15','01','20','Magdalena del Mar','150120'),(1424,'15','01','21','Pueblo Libre (Magdalena Vieja)','150121'),(1425,'15','01','22','Miraflores','150122'),(1426,'15','01','23','Pachacamac','150123'),(1427,'15','01','24','Pucusana','150124'),(1428,'15','01','25','Puente Piedra','150125'),(1429,'15','01','26','Punta Hermosa','150126'),(1430,'15','01','27','Punta Negra','150127'),(1431,'15','01','28','Rimac','150128'),(1432,'15','01','29','San Bartolo','150129'),(1433,'15','01','30','San Borja','150130'),(1434,'15','01','31','San Isidro','150131'),(1435,'15','01','32','San Juan de Lurigancho','150132'),(1436,'15','01','33','San Juan de Miraflores','150133'),(1437,'15','01','34','San Luis','150134'),(1438,'15','01','35','San Martin de Porres','150135'),(1439,'15','01','36','San Miguel','150136'),(1440,'15','01','37','Santa Anita','150137'),(1441,'15','01','38','Santa Maria del Mar','150138'),(1442,'15','01','39','Santa Rosa','150139'),(1443,'15','01','40','Santiago de Surco','150140'),(1444,'15','01','41','Surquillo','150141'),(1445,'15','01','42','Villa El Salvador','150142'),(1446,'15','01','43','Villa Maria del Triunfo','150143'),(1447,'15','02','00','Barranca','150200'),(1448,'15','02','01','Barranca','150201'),(1449,'15','02','02','Paramonga','150202'),(1450,'15','02','03','Pativilca','150203'),(1451,'15','02','04','Supe','150204'),(1452,'15','02','05','Supe Puerto','150205'),(1453,'15','03','00','Cajatambo','150300'),(1454,'15','03','01','Cajatambo','150301'),(1455,'15','03','02','Copa','150302'),(1456,'15','03','03','Gorgor','150303'),(1457,'15','03','04','Huancapon','150304'),(1458,'15','03','05','Manas','150305'),(1459,'15','04','00','Canta','150400'),(1460,'15','04','01','Canta','150401'),(1461,'15','04','02','Arahuay','150402'),(1462,'15','04','03','Huamantanga','150403'),(1463,'15','04','04','Huaros','150404'),(1464,'15','04','05','Lachaqui','150405'),(1465,'15','04','06','San Buenaventura','150406'),(1466,'15','04','07','Santa Rosa de Quives','150407'),(1467,'15','05','00','Cañete','150500'),(1468,'15','05','01','San Vicente de Cañete','150501'),(1469,'15','05','02','Asia','150502'),(1470,'15','05','03','Calango','150503'),(1471,'15','05','04','Cerro Azul','150504'),(1472,'15','05','05','Chilca','150505'),(1473,'15','05','06','Coayllo','150506'),(1474,'15','05','07','Imperial','150507'),(1475,'15','05','08','Lunahuana','150508'),(1476,'15','05','09','Mala','150509'),(1477,'15','05','10','Nuevo Imperial','150510'),(1478,'15','05','11','Pacaran','150511'),(1479,'15','05','12','Quilmana','150512'),(1480,'15','05','13','San Antonio','150513'),(1481,'15','05','14','San Luis','150514'),(1482,'15','05','15','Santa Cruz de Flores','150515'),(1483,'15','05','16','Zuñiga','150516'),(1484,'15','06','00','Huaral','150600'),(1485,'15','06','01','Huaral','150601'),(1486,'15','06','02','Atavillos Alto','150602'),(1487,'15','06','03','Atavillos Bajo','150603'),(1488,'15','06','04','Aucallama','150604'),(1489,'15','06','05','Chancay','150605'),(1490,'15','06','06','Ihuari','150606'),(1491,'15','06','07','Lampian','150607'),(1492,'15','06','08','Pacaraos','150608'),(1493,'15','06','09','San Miguel de Acos','150609'),(1494,'15','06','10','Santa Cruz de Andamarca','150610'),(1495,'15','06','11','Sumbilca','150611'),(1496,'15','06','12','Veintisiete de Noviembre','150612'),(1497,'15','07','00','Huarochiri','150700'),(1498,'15','07','01','Matucana','150701'),(1499,'15','07','02','Antioquia','150702'),(1500,'15','07','03','Callahuanca','150703'),(1501,'15','07','04','Carampoma','150704'),(1502,'15','07','05','Chicla','150705'),(1503,'15','07','06','Cuenca','150706'),(1504,'15','07','07','Huachupampa','150707'),(1505,'15','07','08','Huanza','150708'),(1506,'15','07','09','Huarochiri','150709'),(1507,'15','07','10','Lahuaytambo','150710'),(1508,'15','07','11','Langa','150711'),(1509,'15','07','12','Laraos','150712'),(1510,'15','07','13','Mariatana','150713'),(1511,'15','07','14','Ricardo Palma','150714'),(1512,'15','07','15','San Andres de Tupicocha','150715'),(1513,'15','07','16','San Antonio','150716'),(1514,'15','07','17','San Bartolome','150717'),(1515,'15','07','18','San Damian','150718'),(1516,'15','07','19','San Juan de Iris','150719'),(1517,'15','07','20','San Juan de Tantaranche','150720'),(1518,'15','07','21','San Lorenzo de Quinti','150721'),(1519,'15','07','22','San Mateo','150722'),(1520,'15','07','23','San Mateo de Otao','150723'),(1521,'15','07','24','San Pedro de Casta','150724'),(1522,'15','07','25','San Pedro de Huancayre','150725'),(1523,'15','07','26','Sangallaya','150726'),(1524,'15','07','27','Santa Cruz de Cocachacra','150727'),(1525,'15','07','28','Santa Eulalia','150728'),(1526,'15','07','29','Santiago de Anchucaya','150729'),(1527,'15','07','30','Santiago de Tuna','150730'),(1528,'15','07','31','Santo Domingo de los Olleros','150731'),(1529,'15','07','32','Surco','150732'),(1530,'15','08','00','Huaura','150800'),(1531,'15','08','01','Huacho','150801'),(1532,'15','08','02','Ambar','150802'),(1533,'15','08','03','Caleta de Carquin','150803'),(1534,'15','08','04','Checras','150804'),(1535,'15','08','05','Hualmay','150805'),(1536,'15','08','06','Huaura','150806'),(1537,'15','08','07','Leoncio Prado','150807'),(1538,'15','08','08','Paccho','150808'),(1539,'15','08','09','Santa Leonor','150809'),(1540,'15','08','10','Santa Maria','150810'),(1541,'15','08','11','Sayan','150811'),(1542,'15','08','12','Vegueta','150812'),(1543,'15','09','00','Oyon','150900'),(1544,'15','09','01','Oyon','150901'),(1545,'15','09','02','Andajes','150902'),(1546,'15','09','03','Caujul','150903'),(1547,'15','09','04','Cochamarca','150904'),(1548,'15','09','05','Navan','150905'),(1549,'15','09','06','Pachangara','150906'),(1550,'15','10','00','Yauyos','151000'),(1551,'15','10','01','Yauyos','151001'),(1552,'15','10','02','Alis','151002'),(1553,'15','10','03','Ayauca','151003'),(1554,'15','10','04','Ayaviri','151004'),(1555,'15','10','05','Azangaro','151005'),(1556,'15','10','06','Cacra','151006'),(1557,'15','10','07','Carania','151007'),(1558,'15','10','08','Catahuasi','151008'),(1559,'15','10','09','Chocos','151009'),(1560,'15','10','10','Cochas','151010'),(1561,'15','10','11','Colonia','151011'),(1562,'15','10','12','Hongos','151012'),(1563,'15','10','13','Huampara','151013'),(1564,'15','10','14','Huancaya','151014'),(1565,'15','10','15','Huangascar','151015'),(1566,'15','10','16','Huantan','151016'),(1567,'15','10','17','Huañec','151017'),(1568,'15','10','18','Laraos','151018'),(1569,'15','10','19','Lincha','151019'),(1570,'15','10','20','Madean','151020'),(1571,'15','10','21','Miraflores','151021'),(1572,'15','10','22','Omas','151022'),(1573,'15','10','23','Putinza','151023'),(1574,'15','10','24','Quinches','151024'),(1575,'15','10','25','Quinocay','151025'),(1576,'15','10','26','San Joaquin','151026'),(1577,'15','10','27','San Pedro de Pilas','151027'),(1578,'15','10','28','Tanta','151028'),(1579,'15','10','29','Tauripampa','151029'),(1580,'15','10','30','Tomas','151030'),(1581,'15','10','31','Tupe','151031'),(1582,'15','10','32','Viñac','151032'),(1583,'15','10','33','Vitis','151033'),(1584,'16','00','00','Loreto','160000'),(1585,'16','01','00','Maynas','160100'),(1586,'16','01','01','Iquitos','160101'),(1587,'16','01','02','Alto Nanay','160102'),(1588,'16','01','03','Fernando Lores','160103'),(1589,'16','01','04','Indiana','160104'),(1590,'16','01','05','Las Amazonas','160105'),(1591,'16','01','06','Mazan','160106'),(1592,'16','01','07','Napo','160107'),(1593,'16','01','08','Punchana','160108'),(1594,'16','01','09','Putumayo','160109'),(1595,'16','01','10','Torres Causana','160110'),(1596,'16','01','12','Belén','160112'),(1597,'16','01','13','San Juan Bautista','160113'),(1598,'16','01','14','Teniente Manuel Clavero','160114'),(1599,'16','02','00','Alto Amazonas','160200'),(1600,'16','02','01','Yurimaguas','160201'),(1601,'16','02','02','Balsapuerto','160202'),(1602,'16','02','05','Jeberos','160205'),(1603,'16','02','06','Lagunas','160206'),(1604,'16','02','10','Santa Cruz','160210'),(1605,'16','02','11','Teniente Cesar Lopez Rojas','160211'),(1606,'16','03','00','Loreto','160300'),(1607,'16','03','01','Nauta','160301'),(1608,'16','03','02','Parinari','160302'),(1609,'16','03','03','Tigre','160303'),(1610,'16','03','04','Trompeteros','160304'),(1611,'16','03','05','Urarinas','160305'),(1612,'16','04','00','Mariscal Ramon Castilla','160400'),(1613,'16','04','01','Ramon Castilla','160401'),(1614,'16','04','02','Pebas','160402'),(1615,'16','04','03','Yavari','160403'),(1616,'16','04','04','San Pablo','160404'),(1617,'16','05','00','Requena','160500'),(1618,'16','05','01','Requena','160501'),(1619,'16','05','02','Alto Tapiche','160502'),(1620,'16','05','03','Capelo','160503'),(1621,'16','05','04','Emilio San Martin','160504'),(1622,'16','05','05','Maquia','160505'),(1623,'16','05','06','Puinahua','160506'),(1624,'16','05','07','Saquena','160507'),(1625,'16','05','08','Soplin','160508'),(1626,'16','05','09','Tapiche','160509'),(1627,'16','05','10','Jenaro Herrera','160510'),(1628,'16','05','11','Yaquerana','160511'),(1629,'16','06','00','Ucayali','160600'),(1630,'16','06','01','Contamana','160601'),(1631,'16','06','02','Inahuaya','160602'),(1632,'16','06','03','Padre Marquez','160603'),(1633,'16','06','04','Pampa Hermosa','160604'),(1634,'16','06','05','Sarayacu','160605'),(1635,'16','06','06','Vargas Guerra','160606'),(1636,'16','07','00','Datem del Marañón','160700'),(1637,'16','07','01','Barranca','160701'),(1638,'16','07','02','Cahuapanas','160702'),(1639,'16','07','03','Manseriche','160703'),(1640,'16','07','04','Morona','160704'),(1641,'16','07','05','Pastaza','160705'),(1642,'16','07','06','Andoas','160706'),(1643,'16','08','00','Putumayo','160800'),(1644,'16','08','01','Putumayo','160801'),(1645,'16','08','02','Rosa Panduro','160802'),(1646,'16','08','03','Teniente Manuel Clavero','160803'),(1647,'16','08','04','Yaguas','160804'),(1648,'17','00','00','Madre de Dios','170000'),(1649,'17','01','00','Tambopata','170100'),(1650,'17','01','01','Tambopata','170101'),(1651,'17','01','02','Inambari','170102'),(1652,'17','01','03','Las Piedras','170103'),(1653,'17','01','04','Laberinto','170104'),(1654,'17','02','00','Manu','170200'),(1655,'17','02','01','Manu','170201'),(1656,'17','02','02','Fitzcarrald','170202'),(1657,'17','02','03','Madre de Dios','170203'),(1658,'17','02','04','Huepetuhe','170204'),(1659,'17','03','00','Tahuamanu','170300'),(1660,'17','03','01','Iñapari','170301'),(1661,'17','03','02','Iberia','170302'),(1662,'17','03','03','Tahuamanu','170303'),(1663,'18','00','00','Moquegua','180000'),(1664,'18','01','00','Mariscal Nieto','180100'),(1665,'18','01','01','Moquegua','180101'),(1666,'18','01','02','Carumas','180102'),(1667,'18','01','03','Cuchumbaya','180103'),(1668,'18','01','04','Samegua','180104'),(1669,'18','01','05','San Cristobal','180105'),(1670,'18','01','06','Torata','180106'),(1671,'18','02','00','General Sanchez Cerro','180200'),(1672,'18','02','01','Omate','180201'),(1673,'18','02','02','Chojata','180202'),(1674,'18','02','03','Coalaque','180203'),(1675,'18','02','04','Ichuña','180204'),(1676,'18','02','05','La Capilla','180205'),(1677,'18','02','06','Lloque','180206'),(1678,'18','02','07','Matalaque','180207'),(1679,'18','02','08','Puquina','180208'),(1680,'18','02','09','Quinistaquillas','180209'),(1681,'18','02','10','Ubinas','180210'),(1682,'18','02','11','Yunga','180211'),(1683,'18','03','00','Ilo','180300'),(1684,'18','03','01','Ilo','180301'),(1685,'18','03','02','El Algarrobal','180302'),(1686,'18','03','03','Pacocha','180303'),(1687,'19','00','00','Pasco','190000'),(1688,'19','01','00','Pasco','190100'),(1689,'19','01','01','Chaupimarca','190101'),(1690,'19','01','02','Huachon','190102'),(1691,'19','01','03','Huariaca','190103'),(1692,'19','01','04','Huayllay','190104'),(1693,'19','01','05','Ninacaca','190105'),(1694,'19','01','06','Pallanchacra','190106'),(1695,'19','01','07','Paucartambo','190107'),(1696,'19','01','08','San Fco. de Asís de Yarusyacán','190108'),(1697,'19','01','09','Simon Bolivar','190109'),(1698,'19','01','10','Ticlacayan','190110'),(1699,'19','01','11','Tinyahuarco','190111'),(1700,'19','01','12','Vicco','190112'),(1701,'19','01','13','Yanacancha','190113'),(1702,'19','02','00','Daniel Alcides Carrion','190200'),(1703,'19','02','01','Yanahuanca','190201'),(1704,'19','02','02','Chacayan','190202'),(1705,'19','02','03','Goyllarisquizga','190203'),(1706,'19','02','04','Paucar','190204'),(1707,'19','02','05','San Pedro de Pillao','190205'),(1708,'19','02','06','Santa Ana de Tusi','190206'),(1709,'19','02','07','Tapuc','190207'),(1710,'19','02','08','Vilcabamba','190208'),(1711,'19','03','00','Oxapampa','190300'),(1712,'19','03','01','Oxapampa','190301'),(1713,'19','03','02','Chontabamba','190302'),(1714,'19','03','03','Huancabamba','190303'),(1715,'19','03','04','Palcazu','190304'),(1716,'19','03','05','Pozuzo','190305'),(1717,'19','03','06','Puerto Bermudez','190306'),(1718,'19','03','07','Villa Rica','190307'),(1719,'19','03','08','Constitucion','190308'),(1720,'20','00','00','Piura','200000'),(1721,'20','01','00','Piura','200100'),(1722,'20','01','01','Piura','200101'),(1723,'20','01','04','Castilla','200104'),(1724,'20','01','05','Catacaos','200105'),(1725,'20','01','07','Cura Mori','200107'),(1726,'20','01','08','El Tallan','200108'),(1727,'20','01','09','La Arena','200109'),(1728,'20','01','10','La Union','200110'),(1729,'20','01','11','Las Lomas','200111'),(1730,'20','01','14','Tambo Grande','200114'),(1731,'20','01','15','Veintiséis de Octubre','200115'),(1732,'20','02','00','Ayabaca','200200'),(1733,'20','02','01','Ayabaca','200201'),(1734,'20','02','02','Frias','200202'),(1735,'20','02','03','Jilili','200203'),(1736,'20','02','04','Lagunas','200204'),(1737,'20','02','05','Montero','200205'),(1738,'20','02','06','Pacaipampa','200206'),(1739,'20','02','07','Paimas','200207'),(1740,'20','02','08','Sapillica','200208'),(1741,'20','02','09','Sicchez','200209'),(1742,'20','02','10','Suyo','200210'),(1743,'20','03','00','Huancabamba','200300'),(1744,'20','03','01','Huancabamba','200301'),(1745,'20','03','02','Canchaque','200302'),(1746,'20','03','03','El Carmen de la Frontera','200303'),(1747,'20','03','04','Huarmaca','200304'),(1748,'20','03','05','Lalaquiz','200305'),(1749,'20','03','06','San Miguel de El Faique','200306'),(1750,'20','03','07','Sondor','200307'),(1751,'20','03','08','Sondorillo','200308'),(1752,'20','04','00','Morropon','200400'),(1753,'20','04','01','Chulucanas','200401'),(1754,'20','04','02','Buenos Aires','200402'),(1755,'20','04','03','Chalaco','200403'),(1756,'20','04','04','La Matanza','200404'),(1757,'20','04','05','Morropon','200405'),(1758,'20','04','06','Salitral','200406'),(1759,'20','04','07','San Juan de Bigote','200407'),(1760,'20','04','08','Santa Catalina de Mossa','200408'),(1761,'20','04','09','Santo Domingo','200409'),(1762,'20','04','10','Yamango','200410'),(1763,'20','05','00','Paita','200500'),(1764,'20','05','01','Paita','200501'),(1765,'20','05','02','Amotape','200502'),(1766,'20','05','03','Arenal','200503'),(1767,'20','05','04','Colan','200504'),(1768,'20','05','05','La Huaca','200505'),(1769,'20','05','06','Tamarindo','200506'),(1770,'20','05','07','Vichayal','200507'),(1771,'20','06','00','Sullana','200600'),(1772,'20','06','01','Sullana','200601'),(1773,'20','06','02','Bellavista','200602'),(1774,'20','06','03','Ignacio Escudero','200603'),(1775,'20','06','04','Lancones','200604'),(1776,'20','06','05','Marcavelica','200605'),(1777,'20','06','06','Miguel Checa','200606'),(1778,'20','06','07','Querecotillo','200607'),(1779,'20','06','08','Salitral','200608'),(1780,'20','07','00','Talara','200700'),(1781,'20','07','01','Pariñas','200701'),(1782,'20','07','02','El Alto','200702'),(1783,'20','07','03','La Brea','200703'),(1784,'20','07','04','Lobitos','200704'),(1785,'20','07','05','Los Organos','200705'),(1786,'20','07','06','Mancora','200706'),(1787,'20','08','00','Sechura','200800'),(1788,'20','08','01','Sechura','200801'),(1789,'20','08','02','Bellavista de la Union','200802'),(1790,'20','08','03','Bernal','200803'),(1791,'20','08','04','Cristo Nos Valga','200804'),(1792,'20','08','05','Vice','200805'),(1793,'20','08','06','Rinconada Llicuar','200806'),(1794,'21','00','00','Puno','210000'),(1795,'21','01','00','Puno','210100'),(1796,'21','01','01','Puno','210101'),(1797,'21','01','02','Acora','210102'),(1798,'21','01','03','Amantani','210103'),(1799,'21','01','04','Atuncolla','210104'),(1800,'21','01','05','Capachica','210105'),(1801,'21','01','06','Chucuito','210106'),(1802,'21','01','07','Coata','210107'),(1803,'21','01','08','Huata','210108'),(1804,'21','01','09','Mañazo','210109'),(1805,'21','01','10','Paucarcolla','210110'),(1806,'21','01','11','Pichacani','210111'),(1807,'21','01','12','Plateria','210112'),(1808,'21','01','13','San Antonio','210113'),(1809,'21','01','14','Tiquillaca','210114'),(1810,'21','01','15','Vilque','210115'),(1811,'21','02','00','Azangaro','210200'),(1812,'21','02','01','Azangaro','210201'),(1813,'21','02','02','Achaya','210202'),(1814,'21','02','03','Arapa','210203'),(1815,'21','02','04','Asillo','210204'),(1816,'21','02','05','Caminaca','210205'),(1817,'21','02','06','Chupa','210206'),(1818,'21','02','07','Jose Domingo Choquehuanca','210207'),(1819,'21','02','08','Muñani','210208'),(1820,'21','02','09','Potoni','210209'),(1821,'21','02','10','Saman','210210'),(1822,'21','02','11','San Anton','210211'),(1823,'21','02','12','San Jose','210212'),(1824,'21','02','13','San Juan de Salinas','210213'),(1825,'21','02','14','Santiago de Pupuja','210214'),(1826,'21','02','15','Tirapata','210215'),(1827,'21','03','00','Carabaya','210300'),(1828,'21','03','01','Macusani','210301'),(1829,'21','03','02','Ajoyani','210302'),(1830,'21','03','03','Ayapata','210303'),(1831,'21','03','04','Coasa','210304'),(1832,'21','03','05','Corani','210305'),(1833,'21','03','06','Crucero','210306'),(1834,'21','03','07','Ituata','210307'),(1835,'21','03','08','Ollachea','210308'),(1836,'21','03','09','San Gaban','210309'),(1837,'21','03','10','Usicayos','210310'),(1838,'21','04','00','Chucuito','210400'),(1839,'21','04','01','Juli','210401'),(1840,'21','04','02','Desaguadero','210402'),(1841,'21','04','03','Huacullani','210403'),(1842,'21','04','04','Kelluyo','210404'),(1843,'21','04','05','Pisacoma','210405'),(1844,'21','04','06','Pomata','210406'),(1845,'21','04','07','Zepita','210407'),(1846,'21','05','00','El Collao','210500'),(1847,'21','05','01','Ilave','210501'),(1848,'21','05','02','Capaso','210502'),(1849,'21','05','03','Pilcuyo','210503'),(1850,'21','05','04','Santa Rosa','210504'),(1851,'21','05','05','Conduriri','210505'),(1852,'21','06','00','Huancane','210600'),(1853,'21','06','01','Huancane','210601'),(1854,'21','06','02','Cojata','210602'),(1855,'21','06','03','Huatasani','210603'),(1856,'21','06','04','Inchupalla','210604'),(1857,'21','06','05','Pusi','210605'),(1858,'21','06','06','Rosaspata','210606'),(1859,'21','06','07','Taraco','210607'),(1860,'21','06','08','Vilque Chico','210608'),(1861,'21','07','00','Lampa','210700'),(1862,'21','07','01','Lampa','210701'),(1863,'21','07','02','Cabanilla','210702'),(1864,'21','07','03','Calapuja','210703'),(1865,'21','07','04','Nicasio','210704'),(1866,'21','07','05','Ocuviri','210705'),(1867,'21','07','06','Palca','210706'),(1868,'21','07','07','Paratia','210707'),(1869,'21','07','08','Pucara','210708'),(1870,'21','07','09','Santa Lucia','210709'),(1871,'21','07','10','Vilavila','210710'),(1872,'21','08','00','Melgar','210800'),(1873,'21','08','01','Ayaviri','210801'),(1874,'21','08','02','Antauta','210802'),(1875,'21','08','03','Cupi','210803'),(1876,'21','08','04','Llalli','210804'),(1877,'21','08','05','Macari','210805'),(1878,'21','08','06','Nuñoa','210806'),(1879,'21','08','07','Orurillo','210807'),(1880,'21','08','08','Santa Rosa','210808'),(1881,'21','08','09','Umachiri','210809'),(1882,'21','09','00','Moho','210900'),(1883,'21','09','01','Moho','210901'),(1884,'21','09','02','Conima','210902'),(1885,'21','09','03','Huayrapata','210903'),(1886,'21','09','04','Tilali','210904'),(1887,'21','10','00','San Antonio de Putina','211000'),(1888,'21','10','01','Putina','211001'),(1889,'21','10','02','Ananea','211002'),(1890,'21','10','03','Pedro Vilca Apaza','211003'),(1891,'21','10','04','Quilcapuncu','211004'),(1892,'21','10','05','Sina','211005'),(1893,'21','11','00','San Roman','211100'),(1894,'21','11','01','Juliaca','211101'),(1895,'21','11','02','Cabana','211102'),(1896,'21','11','03','Cabanillas','211103'),(1897,'21','11','04','Caracoto','211104'),(1898,'21','12','00','Sandia','211200'),(1899,'21','12','01','Sandia','211201'),(1900,'21','12','02','Cuyocuyo','211202'),(1901,'21','12','03','Limbani','211203'),(1902,'21','12','04','Patambuco','211204'),(1903,'21','12','05','Phara','211205'),(1904,'21','12','06','Quiaca','211206'),(1905,'21','12','07','San Juan del Oro','211207'),(1906,'21','12','08','Yanahuaya','211208'),(1907,'21','12','09','Alto Inambari','211209'),(1908,'21','12','10','San Pedro de Putina Punco','211210'),(1909,'21','13','00','Yunguyo','211300'),(1910,'21','13','01','Yunguyo','211301'),(1911,'21','13','02','Anapia','211302'),(1912,'21','13','03','Copani','211303'),(1913,'21','13','04','Cuturapi','211304'),(1914,'21','13','05','Ollaraya','211305'),(1915,'21','13','06','Tinicachi','211306'),(1916,'21','13','07','Unicachi','211307'),(1917,'22','00','00','San Martin','220000'),(1918,'22','01','00','Moyobamba','220100'),(1919,'22','01','01','Moyobamba','220101'),(1920,'22','01','02','Calzada','220102'),(1921,'22','01','03','Habana','220103'),(1922,'22','01','04','Jepelacio','220104'),(1923,'22','01','05','Soritor','220105'),(1924,'22','01','06','Yantalo','220106'),(1925,'22','02','00','Bellavista','220200'),(1926,'22','02','01','Bellavista','220201'),(1927,'22','02','02','Alto Biavo','220202'),(1928,'22','02','03','Bajo Biavo','220203'),(1929,'22','02','04','Huallaga','220204'),(1930,'22','02','05','San Pablo','220205'),(1931,'22','02','06','San Rafael','220206'),(1932,'22','03','00','El Dorado','220300'),(1933,'22','03','01','San Jose de Sisa','220301'),(1934,'22','03','02','Agua Blanca','220302'),(1935,'22','03','03','San Martin','220303'),(1936,'22','03','04','Santa Rosa','220304'),(1937,'22','03','05','Shatoja','220305'),(1938,'22','04','00','Huallaga','220400'),(1939,'22','04','01','Saposoa','220401'),(1940,'22','04','02','Alto Saposoa','220402'),(1941,'22','04','03','El Eslabon','220403'),(1942,'22','04','04','Piscoyacu','220404'),(1943,'22','04','05','Sacanche','220405'),(1944,'22','04','06','Tingo de Saposoa','220406'),(1945,'22','05','00','Lamas','220500'),(1946,'22','05','01','Lamas','220501'),(1947,'22','05','02','Alonso de Alvarado','220502'),(1948,'22','05','03','Barranquita','220503'),(1949,'22','05','04','Caynarachi','220504'),(1950,'22','05','05','Cuñumbuqui','220505'),(1951,'22','05','06','Pinto Recodo','220506'),(1952,'22','05','07','Rumisapa','220507'),(1953,'22','05','08','San Roque de Cumbaza','220508'),(1954,'22','05','09','Shanao','220509'),(1955,'22','05','10','Tabalosos','220510'),(1956,'22','05','11','Zapatero','220511'),(1957,'22','06','00','Mariscal Caceres','220600'),(1958,'22','06','01','Juanjui','220601'),(1959,'22','06','02','Campanilla','220602'),(1960,'22','06','03','Huicungo','220603'),(1961,'22','06','04','Pachiza','220604'),(1962,'22','06','05','Pajarillo','220605'),(1963,'22','07','00','Picota','220700'),(1964,'22','07','01','Picota','220701'),(1965,'22','07','02','Buenos Aires','220702'),(1966,'22','07','03','Caspisapa','220703'),(1967,'22','07','04','Pilluana','220704'),(1968,'22','07','05','Pucacaca','220705'),(1969,'22','07','06','San Cristobal','220706'),(1970,'22','07','07','San Hilarion','220707'),(1971,'22','07','08','Shamboyacu','220708'),(1972,'22','07','09','Tingo de Ponasa','220709'),(1973,'22','07','10','Tres Unidos','220710'),(1974,'22','08','00','Rioja','220800'),(1975,'22','08','01','Rioja','220801'),(1976,'22','08','02','Awajun','220802'),(1977,'22','08','03','Elias Soplin Vargas','220803'),(1978,'22','08','04','Nueva Cajamarca','220804'),(1979,'22','08','05','Pardo Miguel','220805'),(1980,'22','08','06','Posic','220806'),(1981,'22','08','07','San Fernando','220807'),(1982,'22','08','08','Yorongos','220808'),(1983,'22','08','09','Yuracyacu','220809'),(1984,'22','09','00','San Martin','220900'),(1985,'22','09','01','Tarapoto','220901'),(1986,'22','09','02','Alberto Leveau','220902'),(1987,'22','09','03','Cacatachi','220903'),(1988,'22','09','04','Chazuta','220904'),(1989,'22','09','05','Chipurana','220905'),(1990,'22','09','06','El Porvenir','220906'),(1991,'22','09','07','Huimbayoc','220907'),(1992,'22','09','08','Juan Guerra','220908'),(1993,'22','09','09','La Banda de Shilcayo','220909'),(1994,'22','09','10','Morales','220910'),(1995,'22','09','11','Papaplaya','220911'),(1996,'22','09','12','San Antonio','220912'),(1997,'22','09','13','Sauce','220913'),(1998,'22','09','14','Shapaja','220914'),(1999,'22','10','00','Tocache','221000'),(2000,'22','10','01','Tocache','221001'),(2001,'22','10','02','Nuevo Progreso','221002'),(2002,'22','10','03','Polvora','221003'),(2003,'22','10','04','Shunte','221004'),(2004,'22','10','05','Uchiza','221005'),(2005,'23','00','00','Tacna','230000'),(2006,'23','01','00','Tacna','230100'),(2007,'23','01','01','Tacna','230101'),(2008,'23','01','02','Alto de la Alianza','230102'),(2009,'23','01','03','Calana','230103'),(2010,'23','01','04','Ciudad Nueva','230104'),(2011,'23','01','05','Inclan','230105'),(2012,'23','01','06','Pachia','230106'),(2013,'23','01','07','Palca','230107'),(2014,'23','01','08','Pocollay','230108'),(2015,'23','01','09','Sama','230109'),(2016,'23','01','10','Coronel Gregorio Albarracín L','230110'),(2017,'23','02','00','Candarave','230200'),(2018,'23','02','01','Candarave','230201'),(2019,'23','02','02','Cairani','230202'),(2020,'23','02','03','Camilaca','230203'),(2021,'23','02','04','Curibaya','230204'),(2022,'23','02','05','Huanuara','230205'),(2023,'23','02','06','Quilahuani','230206'),(2024,'23','03','00','Jorge Basadre','230300'),(2025,'23','03','01','Locumba','230301'),(2026,'23','03','02','Ilabaya','230302'),(2027,'23','03','03','Ite','230303'),(2028,'23','04','00','Tarata','230400'),(2029,'23','04','01','Tarata','230401'),(2030,'23','04','02','Chucatamani','230402'),(2031,'23','04','03','Estique','230403'),(2032,'23','04','04','Estique-Pampa','230404'),(2033,'23','04','05','Sitajara','230405'),(2034,'23','04','06','Susapaya','230406'),(2035,'23','04','07','Tarucachi','230407'),(2036,'23','04','08','Ticaco','230408'),(2037,'24','00','00','Tumbes','240000'),(2038,'24','01','00','Tumbes','240100'),(2039,'24','01','01','Tumbes','240101'),(2040,'24','01','02','Corrales','240102'),(2041,'24','01','03','La Cruz','240103'),(2042,'24','01','04','Pampas de Hospital','240104'),(2043,'24','01','05','San Jacinto','240105'),(2044,'24','01','06','San Juan de la Virgen','240106'),(2045,'24','02','00','Contralmirante Villar','240200'),(2046,'24','02','01','Zorritos','240201'),(2047,'24','02','02','Casitas','240202'),(2048,'24','02','03','Canoas de Punta Sal','240203'),(2049,'24','03','00','Zarumilla','240300'),(2050,'24','03','01','Zarumilla','240301'),(2051,'24','03','02','Aguas Verdes','240302'),(2052,'24','03','03','Matapalo','240303'),(2053,'24','03','04','Papayal','240304'),(2054,'25','00','00','Ucayali','250000'),(2055,'25','01','00','Coronel Portillo','250100'),(2056,'25','01','01','Callaria','250101'),(2057,'25','01','02','Campoverde','250102'),(2058,'25','01','03','Iparia','250103'),(2059,'25','01','04','Masisea','250104'),(2060,'25','01','05','Yarinacocha','250105'),(2061,'25','01','06','Nueva Requena','250106'),(2062,'25','01','07','Manantay','250107'),(2063,'25','02','00','Atalaya','250200'),(2064,'25','02','01','Raymondi','250201'),(2065,'25','02','02','Sepahua','250202'),(2066,'25','02','03','Tahuania','250203'),(2067,'25','02','04','Yurua','250204'),(2068,'25','03','00','Padre Abad','250300'),(2069,'25','03','01','Padre Abad','250301'),(2070,'25','03','02','Irazola','250302'),(2071,'25','03','03','Curimana','250303'),(2072,'25','04','00','Purus','250400'),(2073,'25','04','01','Purus','250401'),(2074,'99','00','00','Extranjero','990000'),(2075,'99','99','00','Extranjero','999900'),(2076,'99','99','99','Extranjero','999999');
/*!40000 ALTER TABLE `ubigeo` ENABLE KEYS */;
UNLOCK TABLES;

--
-- Table structure for table `user`
--

DROP TABLE IF EXISTS `user`;
/*!40101 SET @saved_cs_client     = @@character_set_client */;
/*!50503 SET character_set_client = utf8mb4 */;
CREATE TABLE `user` (
  `idUser` int NOT NULL AUTO_INCREMENT,
  `username` varchar(255) DEFAULT NULL,
  `password` varchar(500) DEFAULT NULL,
  `status` varchar(45) DEFAULT NULL,
  `idUserType` int DEFAULT NULL,
  PRIMARY KEY (`idUser`),
  KEY `fk_user_usertype_idx` (`idUserType`),
  CONSTRAINT `fk_user_usertype` FOREIGN KEY (`idUserType`) REFERENCES `usertype` (`idUserType`)
) ENGINE=InnoDB AUTO_INCREMENT=2 DEFAULT CHARSET=utf8mb4 COLLATE=utf8mb4_0900_ai_ci;
/*!40101 SET character_set_client = @saved_cs_client */;

--
-- Dumping data for table `user`
--

LOCK TABLES `user` WRITE;
/*!40000 ALTER TABLE `user` DISABLE KEYS */;
INSERT INTO `user` VALUES (1,'superAdmin','superAdmin','Disable',1);
/*!40000 ALTER TABLE `user` ENABLE KEYS */;
UNLOCK TABLES;

--
-- Table structure for table `usertype`
--

DROP TABLE IF EXISTS `usertype`;
/*!40101 SET @saved_cs_client     = @@character_set_client */;
/*!50503 SET character_set_client = utf8mb4 */;
CREATE TABLE `usertype` (
  `idUserType` int NOT NULL AUTO_INCREMENT,
  `description` varchar(255) DEFAULT NULL,
  PRIMARY KEY (`idUserType`)
) ENGINE=InnoDB AUTO_INCREMENT=2 DEFAULT CHARSET=utf8mb4 COLLATE=utf8mb4_0900_ai_ci;
/*!40101 SET character_set_client = @saved_cs_client */;

--
-- Dumping data for table `usertype`
--

LOCK TABLES `usertype` WRITE;
/*!40000 ALTER TABLE `usertype` DISABLE KEYS */;
INSERT INTO `usertype` VALUES (1,'Adminstrador');
/*!40000 ALTER TABLE `usertype` ENABLE KEYS */;
UNLOCK TABLES;

--
-- Table structure for table `usertypenavmenu`
--

DROP TABLE IF EXISTS `usertypenavmenu`;
/*!40101 SET @saved_cs_client     = @@character_set_client */;
/*!50503 SET character_set_client = utf8mb4 */;
CREATE TABLE `usertypenavmenu` (
  `idUserTypeNavMenu` int NOT NULL AUTO_INCREMENT,
  `idUserType` int DEFAULT NULL,
  `idNavMenu` int DEFAULT NULL,
  PRIMARY KEY (`idUserTypeNavMenu`),
  KEY `fk_usertypenavmenu_usertype_idx` (`idUserType`),
  KEY `fk_usertypenavmenu_navmenu_idx` (`idNavMenu`),
  CONSTRAINT `fk_usertypenavmenu_navmenu` FOREIGN KEY (`idNavMenu`) REFERENCES `navmenu` (`idNavMenu`),
  CONSTRAINT `fk_usertypenavmenu_usertype` FOREIGN KEY (`idUserType`) REFERENCES `usertype` (`idUserType`)
) ENGINE=InnoDB DEFAULT CHARSET=utf8mb4 COLLATE=utf8mb4_0900_ai_ci;
/*!40101 SET character_set_client = @saved_cs_client */;

--
-- Dumping data for table `usertypenavmenu`
--

LOCK TABLES `usertypenavmenu` WRITE;
/*!40000 ALTER TABLE `usertypenavmenu` DISABLE KEYS */;
/*!40000 ALTER TABLE `usertypenavmenu` ENABLE KEYS */;
UNLOCK TABLES;
/*!40103 SET TIME_ZONE=@OLD_TIME_ZONE */;

/*!40101 SET SQL_MODE=@OLD_SQL_MODE */;
/*!40014 SET FOREIGN_KEY_CHECKS=@OLD_FOREIGN_KEY_CHECKS */;
/*!40014 SET UNIQUE_CHECKS=@OLD_UNIQUE_CHECKS */;
/*!40101 SET CHARACTER_SET_CLIENT=@OLD_CHARACTER_SET_CLIENT */;
/*!40101 SET CHARACTER_SET_RESULTS=@OLD_CHARACTER_SET_RESULTS */;
/*!40101 SET COLLATION_CONNECTION=@OLD_COLLATION_CONNECTION */;
/*!40111 SET SQL_NOTES=@OLD_SQL_NOTES */;

-- Dump completed on 2024-01-29 22:10:59
